compound	timepoint	treatment	comparison	Z	p_value	p_adj	p_adj.signif
lactose_ug	3-6h	Lactose	Control - LM-S	-5.49136629413618	3.9883620358189e-08	1.19650861074567e-07	****
galactose_ug	0-3h	Lactose	Control - LM-S	4.8918870833044	9.98737406153725e-07	2.99621221846117e-06	****
lactose_ug	3-6h	Lactose	Control - LM-A	-4.19629261447013	2.71319667536592e-05	4.06979501304888e-05	****
galactonate_ug	3-6h	Lactose	Control - LM-S	4.34434237698263	1.39693502625848e-05	4.19080507877544e-05	****
galactitol_ug	3-6h	Lactose	Control - LM-S	4.28469208009659	1.82992453089194e-05	5.48977359267582e-05	****
galactose_ug	0-3h	Lactose	Control - LM-A	4.08253946994395	4.4546243361034e-05	6.6819365041551e-05	****
galactonate_ug	3-6h	Lactose	Control - LM-A	3.83112208323186	0.000127560188561348	0.000191340282842022	***
lactose_ug	0-3h	Lactose	Control - LM-S	-3.69285395639586	0.000221751382658832	0.000665254147976496	***
galactitol_ug	3-6h	Lactose	Control - LM-A	3.30434279678748	0.000951993495856076	0.00142799024378411	**
galactitol_ug	0-3h	Lactose	Control - LM-A	2.99905025577994	0.00270822631098597	0.00812467893295792	**
galactitol_ug	0-3h	Lactose	Control - LM-S	2.59746092312921	0.00939158055814703	0.0140873708372205	*
galactonate_ug	0-3h	Lactose	Control - LM-A	2.43036807155021	0.0150834962491797	0.0452504887475391	*
galactonate_ug	0-3h	Lactose	Control - LM-S	1.89178665619447	0.058519411900256	0.0877791178503841	ns
lactose_ug	0-3h	Lactose	LM-A - LM-S	-1.66565716544985	0.0957817181522958	0.0957817181522958	ns
lactose_ug	0-3h	Lactose	Control - LM-A	-1.69131693924235	0.0907762865021858	0.136164429753279	ns
galactose_ug	3-6h	Lactose	Control - LM-S	1.35847273613071	0.174313727992997	0.261470591989496	ns
galactonate_ug	0-3h	Lactose	LM-A - LM-S	-1.02122996484835	0.307145498719784	0.307145498719784	ns
galactitol_ug	0-3h	Lactose	LM-A - LM-S	-0.997172887566477	0.318680598714684	0.318680598714684	ns
galactose_ug	3-6h	Lactose	Control - LM-A	1.35887275561595	0.17418691340321	0.522560740209629	ns
lactose_ug	3-6h	Lactose	LM-A - LM-S	-0.461728900606025	0.644275743173118	0.644275743173118	ns
galactitol_ug	3-6h	Lactose	LM-A - LM-S	0.324137462324094	0.745833965844105	0.745833965844105	ns
galactose_ug	3-6h	Lactose	LM-A - LM-S	-0.270259540814735	0.786960589281061	0.786960589281061	ns
galactonate_ug	3-6h	Lactose	LM-A - LM-S	-0.247605005942013	0.804440037139456	0.804440037139456	ns
galactose_ug	0-3h	Lactose	LM-A - LM-S	-0.0014068466246713	0.998877499169036	0.998877499169036	ns
