compound	screen_group	treatment	p_value	p_adj
lactose_ug	LM-S	Lactose	9.26475512968586e-21	2.22354123112461e-19
galactose_ug	LM-S	Lactose	1.44274902214873e-19	1.73129882657847e-18
galactitol_ug	LM-S	Lactose	2.49895042203317e-19	1.9132389509781e-18
galactonate_ug	LM-S	Lactose	3.18873158496351e-19	1.9132389509781e-18
galactose_ug	Control	Lactose	2.06444708157971e-10	9.90934599158261e-10
lactose_ug	LM-A	Lactose	4.21332767433572e-10	1.68533106973429e-09
galactonate_ug	LM-A	Lactose	2.20770687019215e-09	7.56928069780167e-09
galactonate_ug	Control	Lactose	3.16229687844635e-09	9.48689063533905e-09
galactitol_ug	LM-A	Lactose	9.02341814438003e-09	2.40624483850134e-08
galactitol_ug	Control	Lactose	1.79312414776998e-08	4.30349795464795e-08
galactose_ug	LM-A	Lactose	3.24718669126845e-07	7.08477096276752e-07
lactose_ug	Control	Lactose	0.000216777522660775	0.000433555045321549
galactitol_ug	LM-S	Glucose	0.00427186104101447	0.00788651269110363
lactose_ug	Control	Glucose	0.0279227571824106	0.0478675837412753
lactose_ug	LM-A	Glucose	0.112836187317057	0.180537899707291
galactonate_ug	LM-S	Glucose	0.198168173038029	0.280678854689046
galactitol_ug	Control	Glucose	0.198814188738074	0.280678854689046
galactitol_ug	LM-A	Glucose	0.490888403301759	0.654517871069012
lactose_ug	LM-S	Glucose	0.655010973091071	0.7917572157874
galactonate_ug	Control	Glucose	0.667746843650644	0.7917572157874
galactose_ug	Control	Glucose	0.692787563813975	0.7917572157874
galactose_ug	LM-A	Glucose	0.752119124176279	0.795620919336664
galactose_ug	LM-S	Glucose	0.762470047697636	0.795620919336664
galactonate_ug	LM-A	Glucose	0.841072914439682	0.841072914439682
