compound	screen_group	treatment	comparison	Z	p_value	p_adj	p_adj.signif
lactose_ug	LM-S	Lactose	Baseline - 3-6h	-9.37799382719626	6.72398873183089e-21	2.01719661954927e-20	****
galactose_ug	LM-S	Lactose	Baseline - 0-3h	-9.24054470295064	2.45245546265045e-20	7.35736638795136e-20	****
galactonate_ug	LM-S	Lactose	Baseline - 3-6h	-9.14366037005565	6.03734671889577e-20	1.81120401566873e-19	****
galactitol_ug	LM-S	Lactose	Baseline - 3-6h	-8.95149155484921	3.50710947262623e-19	1.05213284178787e-18	****
galactose_ug	Control	Lactose	Baseline - 0-3h	-6.65899663383194	2.75703249500764e-11	8.27109748502292e-11	****
galactitol_ug	LM-S	Lactose	Baseline - 0-3h	-6.51362902705578	7.33565361353625e-11	1.10034804203044e-10	****
lactose_ug	LM-S	Lactose	Baseline - 0-3h	-6.48678113798196	8.76895744527949e-11	1.31534361679192e-10	****
lactose_ug	LM-A	Lactose	Baseline - 3-6h	-6.48087338005333	9.11931799951251e-11	2.73579539985375e-10	****
galactonate_ug	LM-A	Lactose	Baseline - 3-6h	-6.27412720074653	3.5160098310229e-10	1.05480294930687e-09	****
galactonate_ug	Control	Lactose	Baseline - 3-6h	-6.25602005153803	3.94925992450616e-10	1.18477797735185e-09	****
galactitol_ug	LM-A	Lactose	Baseline - 3-6h	-6.02062711182748	1.73742600802795e-09	5.21227802408385e-09	****
galactitol_ug	Control	Lactose	Baseline - 3-6h	-5.92103779118071	3.19916327446194e-09	9.59748982338581e-09	****
galactonate_ug	LM-S	Lactose	Baseline - 0-3h	-5.65780744305496	1.53319009209691e-08	2.29978513814537e-08	****
galactose_ug	LM-S	Lactose	0-3h - 3-6h	5.63668754205883	1.73352231287647e-08	2.6002834693147e-08	****
galactose_ug	LM-A	Lactose	Baseline - 0-3h	-5.40494873861166	6.48269302060676e-08	1.94480790618203e-07	****
lactose_ug	LM-A	Lactose	Baseline - 0-3h	-4.17857710238403	2.93338553141077e-05	4.40007829711616e-05	****
galactitol_ug	LM-A	Lactose	Baseline - 0-3h	-3.78439418457728	0.000154083446295626	0.000231125169443438	***
galactose_ug	Control	Lactose	0-3h - 3-6h	3.77086621072876	0.000162681878093274	0.000244022817139911	***
galactonate_ug	LM-A	Lactose	Baseline - 0-3h	-3.74817988616027	0.00017812248854996	0.00026718373282494	***
galactose_ug	LM-S	Lactose	Baseline - 3-6h	-3.60385716089181	0.000313529405615018	0.000313529405615018	***
lactose_ug	Control	Lactose	Baseline - 3-6h	-3.84917665869833	0.000118515513714638	0.000355546541143914	***
galactitol_ug	Control	Lactose	Baseline - 0-3h	-3.63953699090924	0.000273128701848525	0.000409693052772787	***
galactonate_ug	LM-S	Lactose	0-3h - 3-6h	-3.48585292700069	0.000490570635024964	0.000490570635024964	***
galactose_ug	LM-A	Lactose	0-3h - 3-6h	3.40983343241273	0.000650025660995425	0.000975038491493138	***
galactonate_ug	Control	Lactose	0-3h - 3-6h	-3.1959118353009	0.00139389697482811	0.00209084546224217	**
galactonate_ug	Control	Lactose	Baseline - 0-3h	-3.06010821623713	0.00221257030028443	0.00221257030028443	**
lactose_ug	Control	Lactose	Baseline - 0-3h	-3.16669852772345	0.0015418006516706	0.00231270097750589	**
lactose_ug	LM-S	Lactose	0-3h - 3-6h	-2.8912126892143	0.00383758307169373	0.00383758307169373	**
galactose_ug	Control	Lactose	Baseline - 3-6h	-2.88813042310318	0.00387539146266963	0.00387539146266963	**
galactitol_ug	LM-S	Glucose	Baseline - 3-6h	-3.003064000882	0.00267276216893219	0.00801828650679656	**
galactitol_ug	LM-S	Glucose	Baseline - 0-3h	-2.69307029756515	0.00707973399249726	0.0106196009887459	*
galactonate_ug	LM-A	Lactose	0-3h - 3-6h	-2.52594731458627	0.0115386783927159	0.0115386783927159	*
galactitol_ug	LM-S	Lactose	0-3h - 3-6h	-2.43786252779343	0.0147743914468231	0.0147743914468231	*
lactose_ug	LM-A	Lactose	0-3h - 3-6h	-2.30229627766929	0.0213184696052113	0.0213184696052113	*
galactitol_ug	Control	Lactose	0-3h - 3-6h	-2.28150080027147	0.0225188294092898	0.0225188294092898	*
galactitol_ug	LM-A	Lactose	0-3h - 3-6h	-2.23623292725021	0.0253365173924129	0.0253365173924129	*
lactose_ug	Control	Glucose	Baseline - 0-3h	2.3167800671445	0.02051571539313	0.030773573089695	*
galactose_ug	LM-A	Lactose	Baseline - 3-6h	-1.99511530619893	0.0460303053471325	0.0460303053471325	*
lactose_ug	Control	Glucose	Baseline - 3-6h	2.3167800671445	0.02051571539313	0.06154714617939	ns
lactose_ug	LM-A	Glucose	Baseline - 0-3h	1.80906806746658	0.070440429272088	0.105660643908132	ns
lactose_ug	LM-A	Glucose	Baseline - 3-6h	1.80906806746658	0.070440429272088	0.211321287816264	ns
galactitol_ug	Control	Glucose	Baseline - 3-6h	-1.76504521624366	0.0775561667436655	0.232668500230996	ns
galactonate_ug	LM-S	Glucose	Baseline - 3-6h	-1.4047493667753	0.160095820279614	0.24014373041942	ns
galactonate_ug	LM-S	Glucose	Baseline - 0-3h	-1.67601131346295	0.0937359766091599	0.28120792982748	ns
galactitol_ug	Control	Glucose	Baseline - 0-3h	-1.1766968108291	0.239316541221495	0.358974811832243	ns
galactitol_ug	LM-A	Glucose	Baseline - 3-6h	-0.98058067569092	0.326799567668966	0.490199351503449	ns
lactose_ug	Control	Lactose	0-3h - 3-6h	-0.682478130974882	0.494936666469423	0.494936666469423	ns
galactitol_ug	Control	Glucose	0-3h - 3-6h	-0.588348405414552	0.556298461274735	0.556298461274735	ns
lactose_ug	LM-S	Glucose	Baseline - 0-3h	0.796652330703064	0.425652976123417	0.638479464185126	ns
galactitol_ug	LM-S	Glucose	0-3h - 3-6h	-0.309993703316852	0.756565744690396	0.756565744690396	ns
galactonate_ug	Control	Glucose	0-3h - 3-6h	-0.294174202707276	0.768624792202147	0.768624792202147	ns
galactonate_ug	LM-A	Glucose	Baseline - 0-3h	0.294174202707276	0.768624792202147	0.768624792202147	ns
galactonate_ug	LM-S	Glucose	0-3h - 3-6h	0.271261946687644	0.786189571696488	0.786189571696488	ns
galactose_ug	Control	Glucose	0-3h - 3-6h	-0.261679375605969	0.793568642493707	0.793568642493707	ns
galactose_ug	LM-A	Glucose	0-3h - 3-6h	0.209343500484775	0.834180095526924	0.834180095526924	ns
galactonate_ug	Control	Glucose	Baseline - 0-3h	-0.588348405414552	0.556298461274735	0.834447691912102	ns
galactitol_ug	LM-A	Glucose	Baseline - 0-3h	-1.07863874326001	0.280748802948155	0.842246408844465	ns
galactose_ug	Control	Glucose	Baseline - 3-6h	0.575694626333132	0.564821608160776	0.847232412241164	ns
galactose_ug	LM-S	Glucose	Baseline - 3-6h	0.176893727216306	0.859591865879108	0.859591865879108	ns
galactose_ug	LM-S	Glucose	0-3h - 3-6h	-0.530681181648918	0.595639728689993	0.89345959303499	ns
galactose_ug	LM-A	Glucose	Baseline - 3-6h	-0.523358751211938	0.600724623337794	0.90108693500669	ns
galactitol_ug	LM-A	Glucose	0-3h - 3-6h	0.098058067569092	0.921886184232293	0.921886184232293	ns
lactose_ug	LM-S	Glucose	0-3h - 3-6h	9.8444439392594e-16	0.999999999999999	0.999999999999999	ns
galactonate_ug	Control	Glucose	Baseline - 3-6h	-0.882522608121828	0.377494259386344	1	ns
galactonate_ug	LM-A	Glucose	Baseline - 3-6h	0.588348405414552	0.556298461274735	1	ns
galactonate_ug	LM-A	Glucose	0-3h - 3-6h	0.294174202707276	0.768624792202147	1	ns
galactose_ug	Control	Glucose	Baseline - 0-3h	0.837374001939101	0.402382374527046	1	ns
galactose_ug	LM-A	Glucose	Baseline - 0-3h	-0.732702251696714	0.463740050335026	1	ns
galactose_ug	LM-S	Glucose	Baseline - 0-3h	0.707574908865223	0.479209279017977	1	ns
lactose_ug	Control	Glucose	0-3h - 3-6h	0	1	1	ns
lactose_ug	LM-A	Glucose	0-3h - 3-6h	0	1	1	ns
lactose_ug	LM-S	Glucose	Baseline - 3-6h	0.796652330703065	0.425652976123417	1	ns
