compound	timepoint	treatment	comparison	estimate	SE	df	t.ratio	p_value	p_adj	p_adj.signif
galactose_ug	0-3h	Lactose	TT - CC	40.6767801857585	6.09563241084517	87	6.67310255017799	2.23106599031609e-09	6.69319797094826e-09	****
lactose_ug	3-6h	Lactose	CT - CC	-38.8270897832818	6.89849559060737	87	-5.62834161061822	2.1835705770068e-07	6.55071173102041e-07	****
lactose_ug	3-6h	Lactose	TT - CC	-34.5270897832817	6.89849559060737	87	-5.00501730120578	2.88600456301397e-06	4.32900684452096e-06	****
galactose_ug	0-3h	Lactose	CT - CC	27.8767801857585	6.09563241084517	87	4.57323839543883	1.58118116385419e-05	2.37177174578128e-05	****
galactitol_ug	0-3h	Lactose	TT - CC	33.778173374613	7.32566176623229	87	4.61093815855842	1.3673142702051e-05	4.10194281061531e-05	****
galactonate_ug	3-6h	Lactose	TT - CC	33.6551083591332	7.41998945531593	87	4.53573533517915	1.82595459772307e-05	5.47786379316922e-05	****
galactitol_ug	3-6h	Lactose	TT - CC	31.4351393188855	7.41580668980075	87	4.23893726384743	5.57333877565025e-05	0.000167200163269507	***
galactitol_ug	3-6h	Lactose	CT - CC	29.9351393188855	7.41580668980075	87	4.03666661916315	0.000116309407405	0.0001744641111075	***
galactonate_ug	3-6h	Lactose	CT - CC	28.8551083591331	7.41998945531594	87	3.88883414631544	0.000196457118031552	0.000294685677047327	***
lactose_ug	0-3h	Lactose	CT - CC	-25.2130030959753	7.84472660023535	87	-3.21400660352125	0.0018369041866615	0.00551071255998449	**
galactonate_ug	0-3h	Lactose	TT - CC	24.8139318885449	7.86113526672888	87	3.15653287300198	0.00219399428261403	0.0065819828478421	**
galactitol_ug	0-3h	Lactose	TT - CT	24.3	9.69938896680157	87	2.50531245660653	0.0140967718876803	0.0211451578315204	*
lactose_ug	0-3h	Lactose	TT - CC	-18.6130030959752	7.84472660023534	87	-2.37267709182074	0.0198634520033388	0.0297951780050082	*
galactose_ug	0-3h	Lactose	TT - CT	12.7999999999999	8.07079437163778	87	1.58596532269258	0.116375390239852	0.116375390239852	ns
galactonate_ug	0-3h	Lactose	TT - CT	17.8	10.4083714353441	87	1.71016187408107	0.0908001042726708	0.136200156409006	ns
galactitol_ug	0-3h	Lactose	CT - CC	9.47817337461299	7.3256617662323	87	1.2938316942645	0.199147891977896	0.199147891977896	ns
galactonate_ug	0-3h	Lactose	CT - CC	7.01393188854489	7.86113526672888	87	0.892228876690411	0.374731451586537	0.374731451586537	ns
lactose_ug	0-3h	Lactose	TT - CT	6.60000000000004	10.3866458842846	87	0.635431309927117	0.526815005266199	0.526815005266199	ns
galactonate_ug	3-6h	Lactose	TT - CT	4.80000000000002	9.82428156708229	87	0.488585345119091	0.626364608071611	0.626364608071611	ns
lactose_ug	3-6h	Lactose	TT - CT	4.3000000000001	9.1338085423892	87	0.470778425017798	0.638977204238513	0.638977204238513	ns
galactitol_ug	3-6h	Lactose	TT - CT	1.50000000000001	9.8187434640435	87	0.152769038675167	0.878934170854987	0.878934170854987	ns
