compound	gen_test_rs4988235	treatment	p_value	p_adj
lactose_ug	CC	Lactose	5.2392831827115e-30	1.25742796385076e-28
galactonate_ug	CC	Lactose	9.62522475729602e-28	1.15502697087552e-26
galactitol_ug	CC	Lactose	2.54859147904096e-27	2.03887318323277e-26
galactose_ug	CC	Lactose	7.11676582366278e-26	4.27005949419767e-25
galactose_ug	TT	Lactose	7.95320565227378e-06	3.81753871309142e-05
galactonate_ug	TT	Lactose	9.72660969042681e-06	3.89064387617072e-05
galactose_ug	CT	Lactose	3.62701260615807e-05	0.00012435471792542
galactitol_ug	TT	Lactose	6.33334600177548e-05	0.000190000380053264
galactitol_ug	CT	Lactose	0.000169951067599029	0.000453202846930743
galactonate_ug	CT	Lactose	0.000198412712448977	0.000476190509877545
galactitol_ug	CC	Glucose	0.00448557872957191	0.00978671722815689
lactose_ug	CT	Lactose	0.00851857089255349	0.017037141785107
lactose_ug	TT	Lactose	0.0278091253693349	0.0513399237587722
lactose_ug	TT	Glucose	0.0907179532894126	0.155516491353279
galactitol_ug	CT	Glucose	0.156118045315971	0.249788872505554
lactose_ug	CC	Glucose	0.240275361590025	0.360413042385038
lactose_ug	CT	Glucose	0.367879441171442	0.490505921561923
galactonate_ug	CT	Glucose	0.367879441171442	0.490505921561923
galactonate_ug	CC	Glucose	0.48744045794591	0.615714262668517
galactose_ug	CT	Glucose	0.522045776761017	0.62645493211322
galactitol_ug	TT	Glucose	0.866877899750182	0.990717599714494
galactose_ug	CC	Glucose	0.917211962568139	1
galactose_ug	TT	Glucose	0.963902909353266	1
galactonate_ug	TT	Glucose	1	1
