compound	timepoint	treatment	p_value	p_adj
galactose_ug	0-3h	Lactose	2.10334203683629e-10	5.04802088840709e-09
lactose_ug	3-6h	Lactose	2.02462783126571e-09	2.42955339751886e-08
galactonate_ug	3-6h	Lactose	1.39865857777022e-06	1.11892686221618e-05
galactitol_ug	3-6h	Lactose	2.28619741536284e-06	1.3717184492177e-05
galactitol_ug	0-3h	Lactose	6.55310726199004e-05	0.000314549148575522
lactose_ug	0-3h	Lactose	0.00124387262520021	0.00497549050080082
galactonate_ug	0-3h	Lactose	0.00847458175622558	0.0290557088784877
galactitol_ug	Baseline	Lactose	0.0323197295998433	0.0969591887995299
galactitol_ug	Baseline	Glucose	0.0658261846499417	0.160151532983326
galactose_ug	Baseline	Glucose	0.066729805409719	0.160151532983326
galactose_ug	Baseline	Lactose	0.0951420693940041	0.207582696859645
lactose_ug	Baseline	Glucose	0.132604325114917	0.265208650229834
galactose_ug	3-6h	Lactose	0.223927441962778	0.412424494825067
lactose_ug	Baseline	Lactose	0.240580955314622	0.412424494825067
galactitol_ug	3-6h	Glucose	0.311430594646688	0.498288951434701
galactonate_ug	Baseline	Glucose	0.350563024961653	0.52584453744248
galactonate_ug	Baseline	Lactose	0.495006991060749	0.698833399144587
galactose_ug	0-3h	Glucose	0.555399934193475	0.7405332455913
galactitol_ug	0-3h	Glucose	0.662783363883774	0.793081806377206
lactose_ug	3-6h	Glucose	0.691665151330795	0.793081806377206
lactose_ug	0-3h	Glucose	0.693946580580056	0.793081806377206
galactose_ug	3-6h	Glucose	0.749421077051477	0.817550265874338
galactonate_ug	3-6h	Glucose	0.857739363775404	0.895032379591726
galactonate_ug	0-3h	Glucose	0.990759225654876	0.990759225654876
