compound	gen_test_rs4988235	treatment	comparison	Z	p_value	p_adj	p_adj.signif
lactose_ug	CC	Lactose	Baseline - 3-6h	-11.3472117714564	7.65654448836622e-30	2.29696334650987e-29	****
galactonate_ug	CC	Lactose	Baseline - 3-6h	-11.0616439957845	1.92535753578018e-28	5.77607260734054e-28	****
galactitol_ug	CC	Lactose	Baseline - 3-6h	-10.7961318614691	3.59011346168479e-27	1.07703403850544e-26	****
galactose_ug	CC	Lactose	Baseline - 0-3h	-10.6721929123435	1.37346070314469e-26	4.12038210943408e-26	****
lactose_ug	CC	Lactose	Baseline - 0-3h	-7.80963980571835	5.73516497766243e-15	8.60274746649364e-15	****
galactitol_ug	CC	Lactose	Baseline - 0-3h	-7.50378139595866	6.20026729142086e-14	9.30040093713129e-14	****
galactonate_ug	CC	Lactose	Baseline - 0-3h	-6.77260182607484	1.26486718851158e-11	1.89730078276737e-11	****
galactose_ug	CC	Lactose	0-3h - 3-6h	6.53416255705937	6.39664402363453e-11	9.5949660354518e-11	****
galactose_ug	TT	Lactose	Baseline - 0-3h	-4.82600482600724	1.39299134038905e-06	4.17897402116714e-06	****
galactonate_ug	TT	Lactose	Baseline - 3-6h	-4.77520477520716	1.79524481175489e-06	5.38573443526467e-06	****
galactonate_ug	CC	Lactose	0-3h - 3-6h	-4.28904216970963	1.79445303696295e-05	1.79445303696295e-05	****
galactose_ug	CT	Lactose	Baseline - 0-3h	-4.52120452120678	6.14887440321372e-06	1.84466232096412e-05	****
galactose_ug	CC	Lactose	Baseline - 3-6h	-4.13803035528415	3.50300034651692e-05	3.50300034651692e-05	****
galactitol_ug	TT	Lactose	Baseline - 3-6h	-4.16560416560625	3.10529094906837e-05	9.3158728472051e-05	****
galactitol_ug	CT	Lactose	Baseline - 3-6h	-4.16560416560625	3.10529094906838e-05	9.31587284720514e-05	****
galactonate_ug	CT	Lactose	Baseline - 3-6h	-4.08940408940613	4.3248284846341e-05	0.000129744854539023	***
lactose_ug	CC	Lactose	0-3h - 3-6h	-3.53757196573806	0.000403824120539945	0.000403824120539945	***
galactitol_ug	CC	Lactose	0-3h - 3-6h	-3.29235046551045	0.000993537169865888	0.000993537169865888	***
galactitol_ug	TT	Lactose	Baseline - 0-3h	-3.30200330200495	0.000959969400606542	0.00143995410090981	**
galactonate_ug	TT	Lactose	Baseline - 0-3h	-2.84480284480427	0.00444389194025532	0.00666583791038298	**
galactose_ug	TT	Lactose	0-3h - 3-6h	2.79400279400419	0.00520600288718315	0.00780900433077472	**
galactitol_ug	CC	Glucose	Baseline - 3-6h	-2.95469619281522	0.00312977084406234	0.00938931253218702	**
galactitol_ug	CC	Glucose	Baseline - 0-3h	-2.72741187029097	0.00638333066739149	0.00957499600108723	**
lactose_ug	CT	Lactose	Baseline - 3-6h	-2.93586415643614	0.00332619947387923	0.00997859842163768	**
galactonate_ug	CT	Lactose	0-3h - 3-6h	-2.54000254000381	0.0110851663806027	0.016627749570904	*
galactose_ug	CT	Lactose	Baseline - 3-6h	-2.18440218440328	0.0289327078569211	0.0289327078569211	*
galactose_ug	CT	Lactose	0-3h - 3-6h	2.3368023368035	0.0194494642811114	0.0291741964216671	*
lactose_ug	CT	Lactose	Baseline - 0-3h	-2.29484578166842	0.0217419639039429	0.0326129458559143	*
lactose_ug	TT	Lactose	Baseline - 3-6h	-2.49475875167325	0.0126042792143288	0.0378128376429863	*
galactose_ug	TT	Lactose	Baseline - 3-6h	-2.03200203200305	0.0421534502357055	0.0421534502357055	*
galactitol_ug	CT	Lactose	Baseline - 0-3h	-2.00660200660301	0.0447920574958871	0.0447920574958871	*
galactitol_ug	CT	Lactose	0-3h - 3-6h	-2.15900215900324	0.030849999436875	0.0462749991553124	*
galactonate_ug	TT	Lactose	0-3h - 3-6h	-1.9304019304029	0.0535570559404802	0.0535570559404802	ns
lactose_ug	TT	Lactose	Baseline - 0-3h	-2.08745120037966	0.0368473678753665	0.0552710518130498	ns
lactose_ug	TT	Glucose	Baseline - 0-3h	1.89736659610103	0.0577795711235972	0.0866693566853959	ns
galactonate_ug	CT	Lactose	Baseline - 0-3h	-1.54940154940232	0.121285221552145	0.121285221552145	ns
lactose_ug	TT	Glucose	Baseline - 3-6h	1.89736659610103	0.0577795711235972	0.173338713370792	ns
galactitol_ug	CT	Glucose	Baseline - 3-6h	-1.87082869338697	0.0613688291394022	0.184106487418207	ns
lactose_ug	CC	Glucose	Baseline - 0-3h	1.45459044093906	0.145782678942558	0.218674018413837	ns
galactitol_ug	CT	Glucose	Baseline - 0-3h	-1.33630620956212	0.18144920772142	0.27217381158213	ns
lactose_ug	CT	Glucose	Baseline - 0-3h	1.22474487139159	0.220671361919847	0.33100704287977	ns
galactitol_ug	TT	Lactose	0-3h - 3-6h	-0.863600863601296	0.387807189589801	0.387807189589801	ns
lactose_ug	CC	Glucose	Baseline - 3-6h	1.47031574300326	0.141476259216277	0.42442877764883	ns
galactonate_ug	CT	Glucose	Baseline - 0-3h	-1.0690449676497	0.285049407402613	0.427574111103919	ns
lactose_ug	CT	Lactose	0-3h - 3-6h	-0.641018374767716	0.521510744793337	0.521510744793337	ns
galactonate_ug	CT	Glucose	Baseline - 3-6h	-1.33630620956212	0.18144920772142	0.544347623164261	ns
galactitol_ug	CT	Glucose	0-3h - 3-6h	-0.534522483824849	0.592980098017427	0.592980098017427	ns
galactonate_ug	CC	Glucose	Baseline - 3-6h	-0.795581497124446	0.426275324625856	0.639412986938785	ns
galactose_ug	CT	Glucose	0-3h - 3-6h	-0.790569415042095	0.429195300440349	0.643792950660524	ns
lactose_ug	CT	Glucose	Baseline - 3-6h	1.22474487139159	0.220671361919847	0.66201408575954	ns
lactose_ug	TT	Lactose	0-3h - 3-6h	-0.407307551293592	0.683782117332952	0.683782117332952	ns
galactonate_ug	CC	Glucose	0-3h - 3-6h	0.378848331964022	0.704800494173366	0.704800494173366	ns
galactonate_ug	CC	Glucose	Baseline - 0-3h	-1.17442982908847	0.240222903204134	0.720668709612402	ns
galactose_ug	CT	Glucose	Baseline - 3-6h	0.316227766016838	0.751829634045849	0.751829634045849	ns
galactitol_ug	TT	Glucose	Baseline - 3-6h	-0.267261241912424	0.789268026134281	0.789268026134281	ns
galactonate_ug	CT	Glucose	0-3h - 3-6h	-0.267261241912424	0.789268026134281	0.789268026134281	ns
galactose_ug	CT	Glucose	Baseline - 0-3h	1.10679718105893	0.268381627292761	0.805144881878282	ns
galactitol_ug	CC	Glucose	0-3h - 3-6h	-0.227284322524247	0.820202662946915	0.820202662946915	ns
galactose_ug	TT	Glucose	Baseline - 0-3h	-0.13558153613666	0.892152102682031	0.892152102682031	ns
galactose_ug	CC	Glucose	Baseline - 3-6h	-0.103329400539739	0.917701542245812	0.917701542245812	ns
lactose_ug	CC	Glucose	0-3h - 3-6h	0.015725302064206	0.987453541363238	0.987453541363238	ns
galactitol_ug	TT	Glucose	Baseline - 0-3h	-0.534522483824849	0.592980098017427	1	ns
galactitol_ug	TT	Glucose	0-3h - 3-6h	0.267261241912424	0.789268026134281	1	ns
galactonate_ug	TT	Glucose	Baseline - 0-3h	0	1	1	ns
galactonate_ug	TT	Glucose	Baseline - 3-6h	0	1	1	ns
galactonate_ug	TT	Glucose	0-3h - 3-6h	0	1	1	ns
galactose_ug	TT	Glucose	Baseline - 3-6h	0.13558153613666	0.892152102682031	1	ns
galactose_ug	TT	Glucose	0-3h - 3-6h	0.27116307227332	0.78626561333284	1	ns
galactose_ug	CC	Glucose	Baseline - 0-3h	0.29707202655175	0.766411520405008	1	ns
galactose_ug	CC	Glucose	0-3h - 3-6h	-0.40040142709149	0.688860873301179	1	ns
lactose_ug	TT	Glucose	0-3h - 3-6h	0	1	1	ns
lactose_ug	CT	Glucose	0-3h - 3-6h	0	1	1	ns
