study_id_lb	Name	Type	batch	screen_group	sex	int_group	gen_test_rs4988235	ibs_sss_score	timepoint	treatment
NA	QC1a	QC	1	NA	NA	NA	NA	NA	NA	NA
NA	Std_0_1	Std	1	NA	NA	NA	NA	NA	NA	NA
NA	Std_1_1	Std	1	NA	NA	NA	NA	NA	NA	NA
NA	Std_2_1	Std	1	NA	NA	NA	NA	NA	NA	NA
NA	Std_3_1	Std	1	NA	NA	NA	NA	NA	NA	NA
NA	Std_4_1	Std	1	NA	NA	NA	NA	NA	NA	NA
NA	Std_5_1	Std	1	NA	NA	NA	NA	NA	NA	NA
NA	QC1b	QC	1	NA	NA	NA	NA	NA	NA	NA
NA	Blank1a	Blank	1	NA	NA	NA	NA	NA	NA	NA
LB113	113_2_A_BL	Sample	1	LM-A	1	Treatment A	CC	0	Baseline	Lactose
LB113	113_2_A_3-6	Sample	1	LM-A	1	Treatment A	CC	0	3-6h	Lactose
LB113	113_2_A_0-3	Sample	1	LM-A	1	Treatment A	CC	0	0-3h	Lactose
LB113	113_2_A_AH	Sample	1	LM-A	1	Treatment A	CC	0	At-home	Lactose
NA	QC1c	QC	1	NA	NA	NA	NA	NA	NA	NA
LB137	137_3_A_AH	Sample	1	LM-S	2	Treatment A	CC	0	At-home	Lactose
LB137	137_3_A_BL	Sample	1	LM-S	2	Treatment A	CC	0	Baseline	Lactose
LB137	137_3_A_3-6	Sample	1	LM-S	2	Treatment A	CC	0	3-6h	Lactose
LB137	137_3_A_0-3	Sample	1	LM-S	2	Treatment A	CC	0	0-3h	Lactose
LB142	142_3_A_3-6	Sample	1	LM-S	1	Treatment A	CC	20	3-6h	Lactose
NA	QC1d	QC	1	NA	NA	NA	NA	NA	NA	NA
LB142	142_3_A_AH	Sample	1	LM-S	1	Treatment A	CC	20	At-home	Lactose
LB142	142_3_A_0-3	Sample	1	LM-S	1	Treatment A	CC	20	0-3h	Lactose
LB142	142_3_A_BL	Sample	1	LM-S	1	Treatment A	CC	20	Baseline	Lactose
LB107	107_1_A_3-6	Sample	1	Control	1	Treatment A	TT	NA	3-6h	Lactose
LB107	107_1_A_AH	Sample	1	Control	1	Treatment A	TT	NA	At-home	Lactose
NA	QC1e	QC	1	NA	NA	NA	NA	NA	NA	NA
LB107	107_1_A_0-3	Sample	1	Control	1	Treatment A	TT	NA	0-3h	Lactose
LB107	107_1_A_BL	Sample	1	Control	1	Treatment A	TT	NA	Baseline	Lactose
LB112	112_1_A_BL	Sample	1	Control	2	Treatment A	TT	NA	Baseline	Lactose
LB112	112_1_A_0-3	Sample	1	Control	2	Treatment A	TT	NA	0-3h	Lactose
LB112	112_1_A_3-6	Sample	1	Control	2	Treatment A	TT	NA	3-6h	Lactose
NA	QC1f	QC	1	NA	NA	NA	NA	NA	NA	NA
LB112	112_1_A_AH	Sample	1	Control	2	Treatment A	TT	NA	At-home	Lactose
LB126	126_3_A_AH	Sample	1	LM-S	1	Treatment A	CC	0	At-home	Lactose
LB126	126_3_A_BL	Sample	1	LM-S	1	Treatment A	CC	0	Baseline	Lactose
LB126	126_3_A_0-3	Sample	1	LM-S	1	Treatment A	CC	0	0-3h	Lactose
LB126	126_3_A_3-6	Sample	1	LM-S	1	Treatment A	CC	0	3-6h	Lactose
NA	QC1g	QC	1	NA	NA	NA	NA	NA	NA	NA
LB047	047_3_A_3-6	Sample	1	LM-S	2	Treatment A	CC	20	3-6h	Lactose
LB047	047_3_A_BL	Sample	1	LM-S	2	Treatment A	CC	20	Baseline	Lactose
LB047	047_3_A_0-3	Sample	1	LM-S	2	Treatment A	CC	20	0-3h	Lactose
LB047	047_3_A_AH	Sample	1	LM-S	2	Treatment A	CC	20	At-home	Lactose
NA	QC1h	QC	1	NA	NA	NA	NA	NA	NA	NA
NA	Blank1b	Blank	1	NA	NA	NA	NA	NA	NA	NA
NA	Std_0_2	Std	1	NA	NA	NA	NA	NA	NA	NA
NA	Std_1_2	Std	1	NA	NA	NA	NA	NA	NA	NA
NA	Std_2_2	Std	1	NA	NA	NA	NA	NA	NA	NA
NA	Std_3_2	Std	1	NA	NA	NA	NA	NA	NA	NA
NA	Std_4_2	Std	1	NA	NA	NA	NA	NA	NA	NA
NA	Std_5_2	Std	1	NA	NA	NA	NA	NA	NA	NA
NA	QC1i	QC	1	NA	NA	NA	NA	NA	NA	NA
NA	QC2a	QC	2	NA	NA	NA	NA	NA	NA	NA
NA	Std_0_1	Std	2	NA	NA	NA	NA	NA	NA	NA
NA	Std_1_1	Std	2	NA	NA	NA	NA	NA	NA	NA
NA	Std_2_1	Std	2	NA	NA	NA	NA	NA	NA	NA
NA	Std_3_1	Std	2	NA	NA	NA	NA	NA	NA	NA
NA	Std_4_1	Std	2	NA	NA	NA	NA	NA	NA	NA
NA	Std_5_1	Std	2	NA	NA	NA	NA	NA	NA	NA
NA	QC2b	QC	2	NA	NA	NA	NA	NA	NA	NA
NA	Blank2a	Blank	2	NA	NA	NA	NA	NA	NA	NA
LB010	010_1_A_BL	Sample	2	Control	1	Treatment A	TT	0	Baseline	Lactose
LB010	010_1_A_3-6	Sample	2	Control	1	Treatment A	TT	0	3-6h	Lactose
LB010	010_1_A_AH	Sample	2	Control	1	Treatment A	TT	0	At-home	Lactose
LB010	010_1_A_0-3	Sample	2	Control	1	Treatment A	TT	0	0-3h	Lactose
NA	QC2c	QC	2	NA	NA	NA	NA	NA	NA	NA
LB059	059_2_A_BL	Sample	2	LM-A	2	Treatment A	CC	40	Baseline	Lactose
LB059	059_2_A_3-6	Sample	2	LM-A	2	Treatment A	CC	40	3-6h	Lactose
LB059	059_2_A_AH	Sample	2	LM-A	2	Treatment A	CC	40	At-home	Lactose
LB059	059_2_A_0-3	Sample	2	LM-A	2	Treatment A	CC	40	0-3h	Lactose
LB123	123_2_A_BL	Sample	2	LM-A	2	Treatment A	CC	0	Baseline	Lactose
NA	QC2d	QC	2	NA	NA	NA	NA	NA	NA	NA
LB123	123_2_A_0-3	Sample	2	LM-A	2	Treatment A	CC	0	0-3h	Lactose
LB123	123_2_A_AH	Sample	2	LM-A	2	Treatment A	CC	0	At-home	Lactose
LB123	123_2_A_3-6	Sample	2	LM-A	2	Treatment A	CC	0	3-6h	Lactose
LB065	065_3_A_AH	Sample	2	LM-S	2	Treatment A	CC	40	At-home	Lactose
LB065	065_3_A_0-3	Sample	2	LM-S	2	Treatment A	CC	40	0-3h	Lactose
NA	QC2e	QC	2	NA	NA	NA	NA	NA	NA	NA
LB065	065_3_A_BL	Sample	2	LM-S	2	Treatment A	CC	40	Baseline	Lactose
LB065	065_3_A_3-6	Sample	2	LM-S	2	Treatment A	CC	40	3-6h	Lactose
LB111	111_3_B_AH	Sample	2	LM-S	2	Treatment B	CC	NA	At-home	Glucose
LB111	111_3_B_BL	Sample	2	LM-S	2	Treatment B	CC	NA	Baseline	Glucose
LB111	111_3_B_3-6	Sample	2	LM-S	2	Treatment B	CC	NA	3-6h	Glucose
NA	QC2f	QC	2	NA	NA	NA	NA	NA	NA	NA
LB111	111_3_B_0-3	Sample	2	LM-S	2	Treatment B	CC	NA	0-3h	Glucose
LB044	044_3_A_BL	Sample	2	LM-S	2	Treatment A	CC	20	Baseline	Lactose
LB044	044_3_A_AH	Sample	2	LM-S	2	Treatment A	CC	20	At-home	Lactose
LB044	044_3_A_3-6	Sample	2	LM-S	2	Treatment A	CC	20	3-6h	Lactose
LB044	044_3_A_0-3	Sample	2	LM-S	2	Treatment A	CC	20	0-3h	Lactose
NA	QC2g	QC	2	NA	NA	NA	NA	NA	NA	NA
LB079	079_3_B_AH	Sample	2	LM-S	1	Treatment B	CC	60	At-home	Glucose
LB079	079_3_B_3-6	Sample	2	LM-S	1	Treatment B	CC	60	3-6h	Glucose
LB079	079_3_B_BL	Sample	2	LM-S	1	Treatment B	CC	60	Baseline	Glucose
LB079	079_3_B_0-3	Sample	2	LM-S	1	Treatment B	CC	60	0-3h	Glucose
LB210	210_3_A_AH	Sample	2	LM-S	1	Treatment A	CC	30	At-home	Lactose
NA	QC2h	QC	2	NA	NA	NA	NA	NA	NA	NA
LB210	210_3_A_BL	Sample	2	LM-S	1	Treatment A	CC	30	Baseline	Lactose
LB210	210_3_A_0-3	Sample	2	LM-S	1	Treatment A	CC	30	0-3h	Lactose
LB210	210_3_A_3-6	Sample	2	LM-S	1	Treatment A	CC	30	3-6h	Lactose
NA	Blank2b	Blank	2	NA	NA	NA	NA	NA	NA	NA
NA	Std_0_2	Std	2	NA	NA	NA	NA	NA	NA	NA
NA	Std_1_2	Std	2	NA	NA	NA	NA	NA	NA	NA
NA	Std_2_2	Std	2	NA	NA	NA	NA	NA	NA	NA
NA	Std_3_2	Std	2	NA	NA	NA	NA	NA	NA	NA
NA	Std_4_2	Std	2	NA	NA	NA	NA	NA	NA	NA
NA	Std_5_2	Std	2	NA	NA	NA	NA	NA	NA	NA
NA	QC2i	QC	2	NA	NA	NA	NA	NA	NA	NA
NA	QC3a	QC	3	NA	NA	NA	NA	NA	NA	NA
NA	Std_0_1	Std	3	NA	NA	NA	NA	NA	NA	NA
NA	Std_1_1	Std	3	NA	NA	NA	NA	NA	NA	NA
NA	Std_2_1	Std	3	NA	NA	NA	NA	NA	NA	NA
NA	Std_3_1	Std	3	NA	NA	NA	NA	NA	NA	NA
NA	Std_4_1	Std	3	NA	NA	NA	NA	NA	NA	NA
NA	Std_5_1	Std	3	NA	NA	NA	NA	NA	NA	NA
NA	QC3b	QC	3	NA	NA	NA	NA	NA	NA	NA
NA	Blank3a	Blank	3	NA	NA	NA	NA	NA	NA	NA
NA	QC3c	QC	3	NA	NA	NA	NA	NA	NA	NA
LB072	072_1_A_0-3	Sample	3	Control	1	Treatment A	TT	NA	0-3h	Lactose
LB072	072_1_A_BL	Sample	3	Control	1	Treatment A	TT	NA	Baseline	Lactose
LB072	072_1_A_AH	Sample	3	Control	1	Treatment A	TT	NA	At-home	Lactose
LB072	072_1_A_3-6	Sample	3	Control	1	Treatment A	TT	NA	3-6h	Lactose
LB150	150_3_A_AH	Sample	3	LM-S	1	Treatment A	CC	160	At-home	Lactose
NA	QC3d	QC	3	NA	NA	NA	NA	NA	NA	NA
LB150	150_3_A_0-3	Sample	3	LM-S	1	Treatment A	CC	160	0-3h	Lactose
LB150	150_3_A_3-6	Sample	3	LM-S	1	Treatment A	CC	160	3-6h	Lactose
LB171	171_3_A_BL	Sample	3	LM-S	2	Treatment A	CC	0	Baseline	Lactose
LB171	171_3_A_0-3	Sample	3	LM-S	2	Treatment A	CC	0	0-3h	Lactose
NA	QC3e	QC	3	NA	NA	NA	NA	NA	NA	NA
LB171	171_3_A_AH	Sample	3	LM-S	2	Treatment A	CC	0	At-home	Lactose
LB171	171_3_A_3-6	Sample	3	LM-S	2	Treatment A	CC	0	3-6h	Lactose
LB180	180_3_A_AH	Sample	3	LM-S	1	Treatment A	CC	170	At-home	Lactose
LB180	180_3_A_0-3	Sample	3	LM-S	1	Treatment A	CC	170	0-3h	Lactose
LB180	180_3_A_BL	Sample	3	LM-S	1	Treatment A	CC	170	Baseline	Lactose
NA	QC3f	QC	3	NA	NA	NA	NA	NA	NA	NA
LB180	180_3_A_3-6	Sample	3	LM-S	1	Treatment A	CC	170	3-6h	Lactose
LB029	029_2_A_BL	Sample	3	LM-A	1	Treatment A	CC	0	Baseline	Lactose
LB029	029_2_A_0-3	Sample	3	LM-A	1	Treatment A	CC	0	0-3h	Lactose
LB029	029_2_A_3-6	Sample	3	LM-A	1	Treatment A	CC	0	3-6h	Lactose
LB029	029_2_A_AH	Sample	3	LM-A	1	Treatment A	CC	0	At-home	Lactose
NA	QC3g	QC	3	NA	NA	NA	NA	NA	NA	NA
LB172	172_3_A_0-3	Sample	3	LM-S	2	Treatment A	CC	40	0-3h	Lactose
LB172	172_3_A_3-6	Sample	3	LM-S	2	Treatment A	CC	40	3-6h	Lactose
LB172	172_3_A_AH	Sample	3	LM-S	2	Treatment A	CC	40	At-home	Lactose
LB172	172_3_A_BL	Sample	3	LM-S	2	Treatment A	CC	40	Baseline	Lactose
LB106	106_1_A_BL	Sample	3	Control	2	Treatment A	CT	20	Baseline	Lactose
NA	QC3h	QC	3	NA	NA	NA	NA	NA	NA	NA
LB106	106_1_A_0-3	Sample	3	Control	2	Treatment A	CT	20	0-3h	Lactose
LB106	106_1_A_3-6	Sample	3	Control	2	Treatment A	CT	20	3-6h	Lactose
LB106	106_1_A_AH	Sample	3	Control	2	Treatment A	CT	20	At-home	Lactose
NA	Blank3b	Blank	3	NA	NA	NA	NA	NA	NA	NA
NA	Std_0_2	Std	3	NA	NA	NA	NA	NA	NA	NA
NA	Std_1_2	Std	3	NA	NA	NA	NA	NA	NA	NA
NA	Std_2_2	Std	3	NA	NA	NA	NA	NA	NA	NA
NA	Std_3_2	Std	3	NA	NA	NA	NA	NA	NA	NA
NA	Std_4_2	Std	3	NA	NA	NA	NA	NA	NA	NA
NA	Std_5_2	Std	3	NA	NA	NA	NA	NA	NA	NA
NA	QC3i	QC	3	NA	NA	NA	NA	NA	NA	NA
NA	QC4a	QC	4	NA	NA	NA	NA	NA	NA	NA
NA	Std_0_1	Std	4	NA	NA	NA	NA	NA	NA	NA
NA	Std_1_1	Std	4	NA	NA	NA	NA	NA	NA	NA
NA	Std_2_1	Std	4	NA	NA	NA	NA	NA	NA	NA
NA	Std_3_1	Std	4	NA	NA	NA	NA	NA	NA	NA
NA	Std_4_1	Std	4	NA	NA	NA	NA	NA	NA	NA
NA	Std_5_1	Std	4	NA	NA	NA	NA	NA	NA	NA
NA	QC4b	QC	4	NA	NA	NA	NA	NA	NA	NA
NA	Blank4a	Blank	4	NA	NA	NA	NA	NA	NA	NA
NA	QC4c	QC	4	NA	NA	NA	NA	NA	NA	NA
LB120	120_3_A_3-6	Sample	4	LM-S	2	Treatment A	CC	0	3-6h	Lactose
LB120	120_3_A_0-3	Sample	4	LM-S	2	Treatment A	CC	0	0-3h	Lactose
LB120	120_3_A_AH	Sample	4	LM-S	2	Treatment A	CC	0	At-home	Lactose
LB120	120_3_A_BL	Sample	4	LM-S	2	Treatment A	CC	0	Baseline	Lactose
LB077	077_2_A_3-6	Sample	4	LM-A	1	Treatment A	CC	0	3-6h	Lactose
NA	QC4d	QC	4	NA	NA	NA	NA	NA	NA	NA
LB077	077_2_A_AH	Sample	4	LM-A	1	Treatment A	CC	0	At-home	Lactose
LB077	077_2_A_0-3	Sample	4	LM-A	1	Treatment A	CC	0	0-3h	Lactose
LB099	099_3_A_3-6	Sample	4	LM-S	1	Treatment A	CC	0	3-6h	Lactose
LB099	099_3_A_BL	Sample	4	LM-S	1	Treatment A	CC	0	Baseline	Lactose
NA	QC4e	QC	4	NA	NA	NA	NA	NA	NA	NA
LB099	099_3_A_AH	Sample	4	LM-S	1	Treatment A	CC	0	At-home	Lactose
LB099	099_3_A_0-3	Sample	4	LM-S	1	Treatment A	CC	0	0-3h	Lactose
LB159	159_3_A_BL	Sample	4	LM-S	1	Treatment A	CC	110	Baseline	Lactose
LB159	159_3_A_0-3	Sample	4	LM-S	1	Treatment A	CC	110	0-3h	Lactose
LB159	159_3_A_3-6	Sample	4	LM-S	1	Treatment A	CC	110	3-6h	Lactose
NA	QC4f	QC	4	NA	NA	NA	NA	NA	NA	NA
LB159	159_3_A_AH	Sample	4	LM-S	1	Treatment A	CC	110	At-home	Lactose
LB225	225_3_A_3-6	Sample	4	LM-S	2	Treatment A	CC	0	3-6h	Lactose
LB225	225_3_A_0-3	Sample	4	LM-S	2	Treatment A	CC	0	0-3h	Lactose
LB225	225_3_A_BL	Sample	4	LM-S	2	Treatment A	CC	0	Baseline	Lactose
NA	QC4g	QC	4	NA	NA	NA	NA	NA	NA	NA
LB049	049_1_A_BL	Sample	4	Control	2	Treatment A	CT	0	Baseline	Lactose
NA	QC4h	QC	4	NA	NA	NA	NA	NA	NA	NA
LB049	049_1_A_AH	Sample	4	Control	2	Treatment A	CT	0	At-home	Lactose
LB049	049_1_A_0-3	Sample	4	Control	2	Treatment A	CT	0	0-3h	Lactose
LB049	049_1_A_3-6	Sample	4	Control	2	Treatment A	CT	0	3-6h	Lactose
NA	Blank4b	Blank	4	NA	NA	NA	NA	NA	NA	NA
NA	Std_0_2	Std	4	NA	NA	NA	NA	NA	NA	NA
NA	Std_1_2	Std	4	NA	NA	NA	NA	NA	NA	NA
NA	Std_2_2	Std	4	NA	NA	NA	NA	NA	NA	NA
NA	Std_3_2	Std	4	NA	NA	NA	NA	NA	NA	NA
NA	Std_4_2	Std	4	NA	NA	NA	NA	NA	NA	NA
NA	Std_5_2	Std	4	NA	NA	NA	NA	NA	NA	NA
NA	QC4i	QC	4	NA	NA	NA	NA	NA	NA	NA
NA	QC5a	QC	5	NA	NA	NA	NA	NA	NA	NA
NA	Std_0_1	Std	5	NA	NA	NA	NA	NA	NA	NA
NA	Std_1_1	Std	5	NA	NA	NA	NA	NA	NA	NA
NA	Std_2_1	Std	5	NA	NA	NA	NA	NA	NA	NA
NA	Std_3_1	Std	5	NA	NA	NA	NA	NA	NA	NA
NA	Std_4_1	Std	5	NA	NA	NA	NA	NA	NA	NA
NA	Std_5_1	Std	5	NA	NA	NA	NA	NA	NA	NA
NA	QC5b	QC	5	NA	NA	NA	NA	NA	NA	NA
NA	Blank5a	Blank	5	NA	NA	NA	NA	NA	NA	NA
NA	QC5c	QC	5	NA	NA	NA	NA	NA	NA	NA
NA	QC5d	QC	5	NA	NA	NA	NA	NA	NA	NA
LB130	130_3_A_BL	Sample	5	LM-S	2	Treatment A	CC	80	Baseline	Lactose
LB130	130_3_A_0-3	Sample	5	LM-S	2	Treatment A	CC	80	0-3h	Lactose
NA	QC5e	QC	5	NA	NA	NA	NA	NA	NA	NA
LB130	130_3_A_3-6	Sample	5	LM-S	2	Treatment A	CC	80	3-6h	Lactose
LB130	130_3_A_AH	Sample	5	LM-S	2	Treatment A	CC	80	At-home	Lactose
LB110	110_3_A_3-6	Sample	5	LM-S	2	Treatment A	CC	0	3-6h	Lactose
LB110	110_3_A_AH	Sample	5	LM-S	2	Treatment A	CC	0	At-home	Lactose
LB110	110_3_A_BL	Sample	5	LM-S	2	Treatment A	CC	0	Baseline	Lactose
NA	QC5f	QC	5	NA	NA	NA	NA	NA	NA	NA
LB110	110_3_A_0-3	Sample	5	LM-S	2	Treatment A	CC	0	0-3h	Lactose
NA	QC5g	QC	5	NA	NA	NA	NA	NA	NA	NA
LB136	136_3_A_AH	Sample	5	LM-S	1	Treatment A	CC	10	At-home	Lactose
NA	QC5h	QC	5	NA	NA	NA	NA	NA	NA	NA
LB136	136_3_A_0-3	Sample	5	LM-S	1	Treatment A	CC	10	0-3h	Lactose
LB136	136_3_A_3-6	Sample	5	LM-S	1	Treatment A	CC	10	3-6h	Lactose
LB136	136_3_A_BL	Sample	5	LM-S	1	Treatment A	CC	10	Baseline	Lactose
NA	Blank5b	Blank	5	NA	NA	NA	NA	NA	NA	NA
NA	Std_0_2	Std	5	NA	NA	NA	NA	NA	NA	NA
NA	Std_1_2	Std	5	NA	NA	NA	NA	NA	NA	NA
NA	Std_2_2	Std	5	NA	NA	NA	NA	NA	NA	NA
NA	Std_3_2	Std	5	NA	NA	NA	NA	NA	NA	NA
NA	Std_4_2	Std	5	NA	NA	NA	NA	NA	NA	NA
NA	Std_5_2	Std	5	NA	NA	NA	NA	NA	NA	NA
NA	QC5i	QC	5	NA	NA	NA	NA	NA	NA	NA
NA	QC6a	QC	6	NA	NA	NA	NA	NA	NA	NA
NA	Std_0_1	Std	6	NA	NA	NA	NA	NA	NA	NA
NA	Std_1_1	Std	6	NA	NA	NA	NA	NA	NA	NA
NA	Std_2_1	Std	6	NA	NA	NA	NA	NA	NA	NA
NA	Std_3_1	Std	6	NA	NA	NA	NA	NA	NA	NA
NA	Std_4_1	Std	6	NA	NA	NA	NA	NA	NA	NA
NA	Std_5_1	Std	6	NA	NA	NA	NA	NA	NA	NA
NA	QC6b	QC	6	NA	NA	NA	NA	NA	NA	NA
NA	Blank6a	Blank	6	NA	NA	NA	NA	NA	NA	NA
LB081	081_2_A_0-3	Sample	6	LM-A	1	Treatment A	CC	40	0-3h	Lactose
LB081	081_2_A_3-6	Sample	6	LM-A	1	Treatment A	CC	40	3-6h	Lactose
LB081	081_2_A_AH	Sample	6	LM-A	1	Treatment A	CC	40	At-home	Lactose
LB081	081_2_A_BL	Sample	6	LM-A	1	Treatment A	CC	40	Baseline	Lactose
NA	QC6c	QC	6	NA	NA	NA	NA	NA	NA	NA
LB219	219_3_A_AH	Sample	6	LM-S	2	Treatment A	CC	30	At-home	Lactose
LB219	219_3_A_0-3	Sample	6	LM-S	2	Treatment A	CC	30	0-3h	Lactose
LB219	219_3_A_3-6	Sample	6	LM-S	2	Treatment A	CC	30	3-6h	Lactose
LB219	219_3_A_BL	Sample	6	LM-S	2	Treatment A	CC	30	Baseline	Lactose
LB016	016_2_A_0-3	Sample	6	LM-A	1	Treatment A	CC	10	0-3h	Lactose
NA	QC6d	QC	6	NA	NA	NA	NA	NA	NA	NA
LB016	016_2_A_AH	Sample	6	LM-A	1	Treatment A	CC	10	At-home	Lactose
LB016	016_2_A_3-6	Sample	6	LM-A	1	Treatment A	CC	10	3-6h	Lactose
LB016	016_2_A_BL	Sample	6	LM-A	1	Treatment A	CC	10	Baseline	Lactose
LB178	178_3_B_3-6	Sample	6	LM-S	2	Treatment B	CC	30	3-6h	Glucose
LB178	178_3_B_0-3	Sample	6	LM-S	2	Treatment B	CC	30	0-3h	Glucose
NA	QC6e	QC	6	NA	NA	NA	NA	NA	NA	NA
LB178	178_3_B_BL	Sample	6	LM-S	2	Treatment B	CC	30	Baseline	Glucose
LB178	178_3_B_AH	Sample	6	LM-S	2	Treatment B	CC	30	At-home	Glucose
LB196	196_3_A_BL	Sample	6	LM-S	2	Treatment A	CC	0	Baseline	Lactose
LB196	196_3_A_3-6	Sample	6	LM-S	2	Treatment A	CC	0	3-6h	Lactose
LB196	196_3_A_AH	Sample	6	LM-S	2	Treatment A	CC	0	At-home	Lactose
NA	QC6f	QC	6	NA	NA	NA	NA	NA	NA	NA
LB196	196_3_A_0-3	Sample	6	LM-S	2	Treatment A	CC	0	0-3h	Lactose
LB161	161_3_A_AH	Sample	6	LM-S	1	Treatment A	CC	70	At-home	Lactose
LB161	161_3_A_BL	Sample	6	LM-S	1	Treatment A	CC	70	Baseline	Lactose
LB161	161_3_A_0-3	Sample	6	LM-S	1	Treatment A	CC	70	0-3h	Lactose
LB161	161_3_A_3-6	Sample	6	LM-S	1	Treatment A	CC	70	3-6h	Lactose
NA	QC6g	QC	6	NA	NA	NA	NA	NA	NA	NA
LB046	046_1_B_3-6	Sample	6	Control	1	Treatment B	TT	50	3-6h	Glucose
LB046	046_1_B_BL	Sample	6	Control	1	Treatment B	TT	50	Baseline	Glucose
LB046	046_1_B_0-3	Sample	6	Control	1	Treatment B	TT	50	0-3h	Glucose
LB046	046_1_B_AH	Sample	6	Control	1	Treatment B	TT	50	At-home	Glucose
LB175	175_3_A_0-3	Sample	6	LM-S	1	Treatment A	CC	130	0-3h	Lactose
NA	QC6h	QC	6	NA	NA	NA	NA	NA	NA	NA
LB175	175_3_A_3-6	Sample	6	LM-S	1	Treatment A	CC	130	3-6h	Lactose
LB175	175_3_A_AH	Sample	6	LM-S	1	Treatment A	CC	130	At-home	Lactose
LB175	175_3_A_BL	Sample	6	LM-S	1	Treatment A	CC	130	Baseline	Lactose
NA	Blank6b	Blank	6	NA	NA	NA	NA	NA	NA	NA
NA	Std_0_2	Std	6	NA	NA	NA	NA	NA	NA	NA
NA	Std_1_2	Std	6	NA	NA	NA	NA	NA	NA	NA
NA	Std_2_2	Std	6	NA	NA	NA	NA	NA	NA	NA
NA	Std_3_2	Std	6	NA	NA	NA	NA	NA	NA	NA
NA	Std_4_2	Std	6	NA	NA	NA	NA	NA	NA	NA
NA	Std_5_2	Std	6	NA	NA	NA	NA	NA	NA	NA
NA	QC6i	QC	6	NA	NA	NA	NA	NA	NA	NA
NA	QC7a	QC	7	NA	NA	NA	NA	NA	NA	NA
NA	Std_0_1	Std	7	NA	NA	NA	NA	NA	NA	NA
NA	Std_1_1	Std	7	NA	NA	NA	NA	NA	NA	NA
NA	Std_2_1	Std	7	NA	NA	NA	NA	NA	NA	NA
NA	Std_3_1	Std	7	NA	NA	NA	NA	NA	NA	NA
NA	Std_4_1	Std	7	NA	NA	NA	NA	NA	NA	NA
NA	Std_5_1	Std	7	NA	NA	NA	NA	NA	NA	NA
NA	QC7b	QC	7	NA	NA	NA	NA	NA	NA	NA
NA	Blank7a	Blank	7	NA	NA	NA	NA	NA	NA	NA
LB064	064_2_A_0-3	Sample	7	LM-A	2	Treatment A	CC	50	0-3h	Lactose
LB064	064_2_A_BL	Sample	7	LM-A	2	Treatment A	CC	50	Baseline	Lactose
LB064	064_2_A_3-6	Sample	7	LM-A	2	Treatment A	CC	50	3-6h	Lactose
LB064	064_2_A_AH	Sample	7	LM-A	2	Treatment A	CC	50	At-home	Lactose
NA	QC7c	QC	7	NA	NA	NA	NA	NA	NA	NA
LB163	163_3_A_3-6	Sample	7	LM-S	1	Treatment A	CC	20	3-6h	Lactose
LB163	163_3_A_BL	Sample	7	LM-S	1	Treatment A	CC	20	Baseline	Lactose
LB163	163_3_A_AH	Sample	7	LM-S	1	Treatment A	CC	20	At-home	Lactose
LB163	163_3_A_0-3	Sample	7	LM-S	1	Treatment A	CC	20	0-3h	Lactose
LB193	193_3_A_3-6	Sample	7	LM-S	2	Treatment A	CC	50	3-6h	Lactose
NA	QC7d	QC	7	NA	NA	NA	NA	NA	NA	NA
LB193	193_3_A_BL	Sample	7	LM-S	2	Treatment A	CC	50	Baseline	Lactose
LB193	193_3_A_0-3	Sample	7	LM-S	2	Treatment A	CC	50	0-3h	Lactose
LB086	086_3_A_AH	Sample	7	LM-S	1	Treatment A	CC	NA	At-home	Lactose
LB086	086_3_A_0-3	Sample	7	LM-S	1	Treatment A	CC	NA	0-3h	Lactose
NA	QC7e	QC	7	NA	NA	NA	NA	NA	NA	NA
LB086	086_3_A_3-6	Sample	7	LM-S	1	Treatment A	CC	NA	3-6h	Lactose
LB086	086_3_A_BL	Sample	7	LM-S	1	Treatment A	CC	NA	Baseline	Lactose
LB074	074_3_A_AH	Sample	7	LM-S	2	Treatment A	CC	50	At-home	Lactose
LB074	074_3_A_0-3	Sample	7	LM-S	2	Treatment A	CC	50	0-3h	Lactose
LB074	074_3_A_BL	Sample	7	LM-S	2	Treatment A	CC	50	Baseline	Lactose
NA	QC7f	QC	7	NA	NA	NA	NA	NA	NA	NA
LB074	074_3_A_3-6	Sample	7	LM-S	2	Treatment A	CC	50	3-6h	Lactose
LB040	040_2_A_BL	Sample	7	LM-A	2	Treatment A	CC	70	Baseline	Lactose
LB040	040_2_A_0-3	Sample	7	LM-A	2	Treatment A	CC	70	0-3h	Lactose
LB040	040_2_A_AH	Sample	7	LM-A	2	Treatment A	CC	70	At-home	Lactose
LB040	040_2_A_3-6	Sample	7	LM-A	2	Treatment A	CC	70	3-6h	Lactose
NA	QC7g	QC	7	NA	NA	NA	NA	NA	NA	NA
LB008	008_1_A_0-3	Sample	7	Control	2	Treatment A	TT	10	0-3h	Lactose
LB008	008_1_A_3-6	Sample	7	Control	2	Treatment A	TT	10	3-6h	Lactose
LB008	008_1_A_BL	Sample	7	Control	2	Treatment A	TT	10	Baseline	Lactose
LB008	008_1_A_AH	Sample	7	Control	2	Treatment A	TT	10	At-home	Lactose
LB216	216_1_B_AH	Sample	7	Control	2	Treatment B	CT	30	At-home	Glucose
NA	QC7h	QC	7	NA	NA	NA	NA	NA	NA	NA
LB216	216_1_B_BL	Sample	7	Control	2	Treatment B	CT	30	Baseline	Glucose
LB216	216_1_B_0-3	Sample	7	Control	2	Treatment B	CT	30	0-3h	Glucose
LB216	216_1_B_3-6	Sample	7	Control	2	Treatment B	CT	30	3-6h	Glucose
NA	Blank7b	Blank	7	NA	NA	NA	NA	NA	NA	NA
NA	Std_0_2	Std	7	NA	NA	NA	NA	NA	NA	NA
NA	Std_1_2	Std	7	NA	NA	NA	NA	NA	NA	NA
NA	Std_2_2	Std	7	NA	NA	NA	NA	NA	NA	NA
NA	Std_3_2	Std	7	NA	NA	NA	NA	NA	NA	NA
NA	Std_4_2	Std	7	NA	NA	NA	NA	NA	NA	NA
NA	Std_5_2	Std	7	NA	NA	NA	NA	NA	NA	NA
NA	QC7i	QC	7	NA	NA	NA	NA	NA	NA	NA
NA	QC8a	QC	8	NA	NA	NA	NA	NA	NA	NA
NA	Std_0_1	Std	8	NA	NA	NA	NA	NA	NA	NA
NA	Std_1_1	Std	8	NA	NA	NA	NA	NA	NA	NA
NA	Std_2_1	Std	8	NA	NA	NA	NA	NA	NA	NA
NA	Std_3_1	Std	8	NA	NA	NA	NA	NA	NA	NA
NA	Std_4_1	Std	8	NA	NA	NA	NA	NA	NA	NA
NA	Std_5_1	Std	8	NA	NA	NA	NA	NA	NA	NA
NA	QC8b	QC	8	NA	NA	NA	NA	NA	NA	NA
NA	Blank8a	Blank	8	NA	NA	NA	NA	NA	NA	NA
LB103	103_3_A_AH	Sample	8	LM-S	1	Treatment A	CC	0	At-home	Lactose
LB103	103_3_A_0-3	Sample	8	LM-S	1	Treatment A	CC	0	0-3h	Lactose
LB103	103_3_A_BL	Sample	8	LM-S	1	Treatment A	CC	0	Baseline	Lactose
LB103	103_3_A_3-6	Sample	8	LM-S	1	Treatment A	CC	0	3-6h	Lactose
NA	QC8c	QC	8	NA	NA	NA	NA	NA	NA	NA
LB091	091_1_A_3-6	Sample	8	Control	1	Treatment A	CT	NA	3-6h	Lactose
LB091	091_1_A_0-3	Sample	8	Control	1	Treatment A	CT	NA	0-3h	Lactose
LB091	091_1_A_AH	Sample	8	Control	1	Treatment A	CT	NA	At-home	Lactose
LB091	091_1_A_BL	Sample	8	Control	1	Treatment A	CT	NA	Baseline	Lactose
LB129	129_3_A_0-3	Sample	8	LM-S	1	Treatment A	CC	0	0-3h	Lactose
NA	QC8d	QC	8	NA	NA	NA	NA	NA	NA	NA
LB129	129_3_A_BL	Sample	8	LM-S	1	Treatment A	CC	0	Baseline	Lactose
LB129	129_3_A_3-6	Sample	8	LM-S	1	Treatment A	CC	0	3-6h	Lactose
LB129	129_3_A_AH	Sample	8	LM-S	1	Treatment A	CC	0	At-home	Lactose
LB012	012_1_A_0-3	Sample	8	Control	1	Treatment A	CT	10	0-3h	Lactose
LB012	012_1_A_AH	Sample	8	Control	1	Treatment A	CT	10	At-home	Lactose
NA	QC8e	QC	8	NA	NA	NA	NA	NA	NA	NA
LB012	012_1_A_BL	Sample	8	Control	1	Treatment A	CT	10	Baseline	Lactose
LB012	012_1_A_3-6	Sample	8	Control	1	Treatment A	CT	10	3-6h	Lactose
LB034	034_2_B_3-6	Sample	8	LM-A	1	Treatment B	CC	230	3-6h	Glucose
LB034	034_2_B_AH	Sample	8	LM-A	1	Treatment B	CC	230	At-home	Glucose
LB034	034_2_B_0-3	Sample	8	LM-A	1	Treatment B	CC	230	0-3h	Glucose
NA	QC8f	QC	8	NA	NA	NA	NA	NA	NA	NA
LB034	034_2_B_BL	Sample	8	LM-A	1	Treatment B	CC	230	Baseline	Glucose
LB134	134_3_A_0-3	Sample	8	LM-S	2	Treatment A	CC	NA	0-3h	Lactose
LB134	134_3_A_3-6	Sample	8	LM-S	2	Treatment A	CC	NA	3-6h	Lactose
LB134	134_3_A_AH	Sample	8	LM-S	2	Treatment A	CC	NA	At-home	Lactose
LB134	134_3_A_BL	Sample	8	LM-S	2	Treatment A	CC	NA	Baseline	Lactose
NA	QC8g	QC	8	NA	NA	NA	NA	NA	NA	NA
LB140	140_2_B_3-6	Sample	8	LM-A	1	Treatment B	CC	0	3-6h	Glucose
LB140	140_2_B_0-3	Sample	8	LM-A	1	Treatment B	CC	0	0-3h	Glucose
LB140	140_2_B_BL	Sample	8	LM-A	1	Treatment B	CC	0	Baseline	Glucose
LB140	140_2_B_AH	Sample	8	LM-A	1	Treatment B	CC	0	At-home	Glucose
LB017	017_3_A_3-6	Sample	8	LM-S	1	Treatment A	CC	120	3-6h	Lactose
NA	QC8h	QC	8	NA	NA	NA	NA	NA	NA	NA
LB017	017_3_A_AH	Sample	8	LM-S	1	Treatment A	CC	120	At-home	Lactose
LB017	017_3_A_BL	Sample	8	LM-S	1	Treatment A	CC	120	Baseline	Lactose
LB017	017_3_A_0-3	Sample	8	LM-S	1	Treatment A	CC	120	0-3h	Lactose
NA	Blank8b	Blank	8	NA	NA	NA	NA	NA	NA	NA
NA	Std_0_2	Std	8	NA	NA	NA	NA	NA	NA	NA
NA	Std_1_2	Std	8	NA	NA	NA	NA	NA	NA	NA
NA	Std_2_2	Std	8	NA	NA	NA	NA	NA	NA	NA
NA	Std_3_2	Std	8	NA	NA	NA	NA	NA	NA	NA
NA	Std_4_2	Std	8	NA	NA	NA	NA	NA	NA	NA
NA	Std_5_2	Std	8	NA	NA	NA	NA	NA	NA	NA
NA	QC8i	QC	8	NA	NA	NA	NA	NA	NA	NA
NA	QC9a	QC	9	NA	NA	NA	NA	NA	NA	NA
NA	Std_0_1	Std	9	NA	NA	NA	NA	NA	NA	NA
NA	Std_1_1	Std	9	NA	NA	NA	NA	NA	NA	NA
NA	Std_2_1	Std	9	NA	NA	NA	NA	NA	NA	NA
NA	Std_3_1	Std	9	NA	NA	NA	NA	NA	NA	NA
NA	Std_4_1	Std	9	NA	NA	NA	NA	NA	NA	NA
NA	Std_5_1	Std	9	NA	NA	NA	NA	NA	NA	NA
NA	QC9b	QC	9	NA	NA	NA	NA	NA	NA	NA
NA	Blank9a	Blank	9	NA	NA	NA	NA	NA	NA	NA
LB078	078_2_A_0-3	Sample	9	LM-A	1	Treatment A	CC	260	0-3h	Lactose
LB078	078_2_A_3-6	Sample	9	LM-A	1	Treatment A	CC	260	3-6h	Lactose
LB078	078_2_A_BL	Sample	9	LM-A	1	Treatment A	CC	260	Baseline	Lactose
NA	QC9c	QC	9	NA	NA	NA	NA	NA	NA	NA
LB115	115_2_A_BL	Sample	9	LM-A	2	Treatment A	CC	0	Baseline	Lactose
LB115	115_2_A_AH	Sample	9	LM-A	2	Treatment A	CC	0	At-home	Lactose
LB115	115_2_A_3-6	Sample	9	LM-A	2	Treatment A	CC	0	3-6h	Lactose
LB115	115_2_A_0-3	Sample	9	LM-A	2	Treatment A	CC	0	0-3h	Lactose
LB177	177_3_A_BL	Sample	9	LM-S	1	Treatment A	CC	NA	Baseline	Lactose
NA	QC9d	QC	9	NA	NA	NA	NA	NA	NA	NA
LB177	177_3_A_3-6	Sample	9	LM-S	1	Treatment A	CC	NA	3-6h	Lactose
LB177	177_3_A_0-3	Sample	9	LM-S	1	Treatment A	CC	NA	0-3h	Lactose
LB031	031_1_A_AH	Sample	9	Control	1	Treatment A	TT	20	At-home	Lactose
LB031	031_1_A_0-3	Sample	9	Control	1	Treatment A	TT	20	0-3h	Lactose
NA	QC9e	QC	9	NA	NA	NA	NA	NA	NA	NA
LB031	031_1_A_3-6	Sample	9	Control	1	Treatment A	TT	20	3-6h	Lactose
LB031	031_1_A_BL	Sample	9	Control	1	Treatment A	TT	20	Baseline	Lactose
LB100	100_3_A_3-6	Sample	9	LM-S	2	Treatment A	CC	10	3-6h	Lactose
LB100	100_3_A_0-3	Sample	9	LM-S	2	Treatment A	CC	10	0-3h	Lactose
LB100	100_3_A_BL	Sample	9	LM-S	2	Treatment A	CC	10	Baseline	Lactose
NA	QC9f	QC	9	NA	NA	NA	NA	NA	NA	NA
LB100	100_3_A_AH	Sample	9	LM-S	2	Treatment A	CC	10	At-home	Lactose
LB082	082_3_A_BL	Sample	9	LM-S	1	Treatment A	CC	80	Baseline	Lactose
LB082	082_3_A_0-3	Sample	9	LM-S	1	Treatment A	CC	80	0-3h	Lactose
LB082	082_3_A_AH	Sample	9	LM-S	1	Treatment A	CC	80	At-home	Lactose
LB082	082_3_A_3-6	Sample	9	LM-S	1	Treatment A	CC	80	3-6h	Lactose
NA	QC9g	QC	9	NA	NA	NA	NA	NA	NA	NA
LB023	023_3_A_3-6	Sample	9	LM-S	2	Treatment A	CC	130	3-6h	Lactose
LB023	023_3_A_AH	Sample	9	LM-S	2	Treatment A	CC	130	At-home	Lactose
LB023	023_3_A_BL	Sample	9	LM-S	2	Treatment A	CC	130	Baseline	Lactose
LB023	023_3_A_0-3	Sample	9	LM-S	2	Treatment A	CC	130	0-3h	Lactose
LB097	097_1_B_3-6	Sample	9	Control	1	Treatment B	CT	10	3-6h	Glucose
NA	QC9h	QC	9	NA	NA	NA	NA	NA	NA	NA
LB097	097_1_B_0-3	Sample	9	Control	1	Treatment B	CT	10	0-3h	Glucose
LB097	097_1_B_BL	Sample	9	Control	1	Treatment B	CT	10	Baseline	Glucose
LB097	097_1_B_AH	Sample	9	Control	1	Treatment B	CT	10	At-home	Glucose
NA	Blank9b	Blank	9	NA	NA	NA	NA	NA	NA	NA
NA	Std_0_2	Std	9	NA	NA	NA	NA	NA	NA	NA
NA	Std_1_2	Std	9	NA	NA	NA	NA	NA	NA	NA
NA	Std_2_2	Std	9	NA	NA	NA	NA	NA	NA	NA
NA	Std_3_2	Std	9	NA	NA	NA	NA	NA	NA	NA
NA	Std_4_2	Std	9	NA	NA	NA	NA	NA	NA	NA
NA	Std_5_2	Std	9	NA	NA	NA	NA	NA	NA	NA
NA	QC9i	QC	9	NA	NA	NA	NA	NA	NA	NA
NA	QC10a	QC	10	NA	NA	NA	NA	NA	NA	NA
NA	Std_0_1	Std	10	NA	NA	NA	NA	NA	NA	NA
NA	Std_1_1	Std	10	NA	NA	NA	NA	NA	NA	NA
NA	Std_2_1	Std	10	NA	NA	NA	NA	NA	NA	NA
NA	Std_3_1	Std	10	NA	NA	NA	NA	NA	NA	NA
NA	Std_4_1	Std	10	NA	NA	NA	NA	NA	NA	NA
NA	Std_5_1	Std	10	NA	NA	NA	NA	NA	NA	NA
NA	QC10b	QC	10	NA	NA	NA	NA	NA	NA	NA
NA	Blank10a	Blank	10	NA	NA	NA	NA	NA	NA	NA
LB058	058_3_A_BL	Sample	10	LM-S	2	Treatment A	CC	200	Baseline	Lactose
LB058	058_3_A_3-6	Sample	10	LM-S	2	Treatment A	CC	200	3-6h	Lactose
LB058	058_3_A_0-3	Sample	10	LM-S	2	Treatment A	CC	200	0-3h	Lactose
LB058	058_3_A_AH	Sample	10	LM-S	2	Treatment A	CC	200	At-home	Lactose
NA	QC10c	QC	10	NA	NA	NA	NA	NA	NA	NA
LB083	083_2_A_3-6	Sample	10	LM-A	2	Treatment A	CC	100	3-6h	Lactose
LB083	083_2_A_AH	Sample	10	LM-A	2	Treatment A	CC	100	At-home	Lactose
LB083	083_2_A_BL	Sample	10	LM-A	2	Treatment A	CC	100	Baseline	Lactose
LB083	083_2_A_0-3	Sample	10	LM-A	2	Treatment A	CC	100	0-3h	Lactose
LB052	052_1_A_0-3	Sample	10	Control	1	Treatment A	TT	160	0-3h	Lactose
NA	QC10d	QC	10	NA	NA	NA	NA	NA	NA	NA
LB052	052_1_A_AH	Sample	10	Control	1	Treatment A	TT	160	At-home	Lactose
LB052	052_1_A_BL	Sample	10	Control	1	Treatment A	TT	160	Baseline	Lactose
LB052	052_1_A_3-6	Sample	10	Control	1	Treatment A	TT	160	3-6h	Lactose
LB089	089_2_A_3-6	Sample	10	LM-A	1	Treatment A	CC	30	3-6h	Lactose
LB089	089_2_A_AH	Sample	10	LM-A	1	Treatment A	CC	30	At-home	Lactose
NA	QC10e	QC	10	NA	NA	NA	NA	NA	NA	NA
LB089	089_2_A_0-3	Sample	10	LM-A	1	Treatment A	CC	30	0-3h	Lactose
LB089	089_2_A_BL	Sample	10	LM-A	1	Treatment A	CC	30	Baseline	Lactose
LB109	109_3_A_BL	Sample	10	LM-S	1	Treatment A	CC	NA	Baseline	Lactose
LB109	109_3_A_0-3	Sample	10	LM-S	1	Treatment A	CC	NA	0-3h	Lactose
LB109	109_3_A_AH	Sample	10	LM-S	1	Treatment A	CC	NA	At-home	Lactose
NA	QC10f	QC	10	NA	NA	NA	NA	NA	NA	NA
LB109	109_3_A_3-6	Sample	10	LM-S	1	Treatment A	CC	NA	3-6h	Lactose
LB087	087_3_B_0-3	Sample	10	LM-S	2	Treatment B	CC	0	0-3h	Glucose
LB087	087_3_B_AH	Sample	10	LM-S	2	Treatment B	CC	0	At-home	Glucose
LB087	087_3_B_3-6	Sample	10	LM-S	2	Treatment B	CC	0	3-6h	Glucose
LB087	087_3_B_BL	Sample	10	LM-S	2	Treatment B	CC	0	Baseline	Glucose
NA	QC10g	QC	10	NA	NA	NA	NA	NA	NA	NA
LB001	001_1_A_3-6	Sample	10	Control	2	Treatment A	TT	NA	3-6h	Lactose
LB001	001_1_A_BL	Sample	10	Control	2	Treatment A	TT	NA	Baseline	Lactose
LB001	001_1_A_0-3	Sample	10	Control	2	Treatment A	TT	NA	0-3h	Lactose
LB001	001_1_A_AH	Sample	10	Control	2	Treatment A	TT	NA	At-home	Lactose
LB187	187_3_A_BL	Sample	10	LM-S	2	Treatment A	CC	NA	Baseline	Lactose
NA	QC10h	QC	10	NA	NA	NA	NA	NA	NA	NA
LB187	187_3_A_0-3	Sample	10	LM-S	2	Treatment A	CC	NA	0-3h	Lactose
LB187	187_3_A_AH	Sample	10	LM-S	2	Treatment A	CC	NA	At-home	Lactose
LB187	187_3_A_3-6	Sample	10	LM-S	2	Treatment A	CC	NA	3-6h	Lactose
NA	Blank10b	Blank	10	NA	NA	NA	NA	NA	NA	NA
NA	Std_0_2	Std	10	NA	NA	NA	NA	NA	NA	NA
NA	Std_1_2	Std	10	NA	NA	NA	NA	NA	NA	NA
NA	Std_2_2	Std	10	NA	NA	NA	NA	NA	NA	NA
NA	Std_3_2	Std	10	NA	NA	NA	NA	NA	NA	NA
NA	Std_4_2	Std	10	NA	NA	NA	NA	NA	NA	NA
NA	Std_5_2	Std	10	NA	NA	NA	NA	NA	NA	NA
NA	QC10i	QC	10	NA	NA	NA	NA	NA	NA	NA
NA	QC11a	QC	11	NA	NA	NA	NA	NA	NA	NA
NA	Std_0_1	Std	11	NA	NA	NA	NA	NA	NA	NA
NA	Std_1_1	Std	11	NA	NA	NA	NA	NA	NA	NA
NA	Std_2_1	Std	11	NA	NA	NA	NA	NA	NA	NA
NA	Std_3_1	Std	11	NA	NA	NA	NA	NA	NA	NA
NA	Std_4_1	Std	11	NA	NA	NA	NA	NA	NA	NA
NA	Std_5_1	Std	11	NA	NA	NA	NA	NA	NA	NA
NA	QC11b	QC	11	NA	NA	NA	NA	NA	NA	NA
NA	Blank11a	Blank	11	NA	NA	NA	NA	NA	NA	NA
LB197	197_1_A_BL	Sample	11	Control	2	Treatment A	TT	NA	Baseline	Lactose
LB197	197_1_A_AH	Sample	11	Control	2	Treatment A	TT	NA	At-home	Lactose
LB197	197_1_A_0-3	Sample	11	Control	2	Treatment A	TT	NA	0-3h	Lactose
LB197	197_1_A_3-6	Sample	11	Control	2	Treatment A	TT	NA	3-6h	Lactose
NA	QC11c	QC	11	NA	NA	NA	NA	NA	NA	NA
LB158	158_3_A_0-3	Sample	11	LM-S	2	Treatment A	CC	0	0-3h	Lactose
LB158	158_3_A_3-6	Sample	11	LM-S	2	Treatment A	CC	0	3-6h	Lactose
LB158	158_3_A_AH	Sample	11	LM-S	2	Treatment A	CC	0	At-home	Lactose
LB158	158_3_A_BL	Sample	11	LM-S	2	Treatment A	CC	0	Baseline	Lactose
LB038	038_2_A_3-6	Sample	11	LM-A	2	Treatment A	CC	180	3-6h	Lactose
NA	QC11d	QC	11	NA	NA	NA	NA	NA	NA	NA
LB038	038_2_A_BL	Sample	11	LM-A	2	Treatment A	CC	180	Baseline	Lactose
LB038	038_2_A_0-3	Sample	11	LM-A	2	Treatment A	CC	180	0-3h	Lactose
LB038	038_2_A_AH	Sample	11	LM-A	2	Treatment A	CC	180	At-home	Lactose
LB011	011_2_A_3-6	Sample	11	LM-A	2	Treatment A	CC	0	3-6h	Lactose
LB011	011_2_A_AH	Sample	11	LM-A	2	Treatment A	CC	0	At-home	Lactose
NA	QC11e	QC	11	NA	NA	NA	NA	NA	NA	NA
LB011	011_2_A_BL	Sample	11	LM-A	2	Treatment A	CC	0	Baseline	Lactose
LB011	011_2_A_0-3	Sample	11	LM-A	2	Treatment A	CC	0	0-3h	Lactose
LB015	015_1_A_0-3	Sample	11	Control	1	Treatment A	CT	0	0-3h	Lactose
LB015	015_1_A_AH	Sample	11	Control	1	Treatment A	CT	0	At-home	Lactose
LB015	015_1_A_3-6	Sample	11	Control	1	Treatment A	CT	0	3-6h	Lactose
NA	QC11f	QC	11	NA	NA	NA	NA	NA	NA	NA
LB015	015_1_A_BL	Sample	11	Control	1	Treatment A	CT	0	Baseline	Lactose
LB042	042_3_A_BL	Sample	11	LM-S	1	Treatment A	CC	0	Baseline	Lactose
LB042	042_3_A_0-3	Sample	11	LM-S	1	Treatment A	CC	0	0-3h	Lactose
LB042	042_3_A_AH	Sample	11	LM-S	1	Treatment A	CC	0	At-home	Lactose
LB042	042_3_A_3-6	Sample	11	LM-S	1	Treatment A	CC	0	3-6h	Lactose
NA	QC11g	QC	11	NA	NA	NA	NA	NA	NA	NA
LB144	144_3_A_BL	Sample	11	LM-S	1	Treatment A	CC	20	Baseline	Lactose
LB144	144_3_A_0-3	Sample	11	LM-S	1	Treatment A	CC	20	0-3h	Lactose
LB144	144_3_A_3-6	Sample	11	LM-S	1	Treatment A	CC	20	3-6h	Lactose
LB168	168_3_A_0-3	Sample	11	LM-S	1	Treatment A	CC	0	0-3h	Lactose
NA	QC11h	QC	11	NA	NA	NA	NA	NA	NA	NA
LB168	168_3_A_3-6	Sample	11	LM-S	1	Treatment A	CC	0	3-6h	Lactose
LB168	168_3_A_AH	Sample	11	LM-S	1	Treatment A	CC	0	At-home	Lactose
LB168	168_3_A_BL	Sample	11	LM-S	1	Treatment A	CC	0	Baseline	Lactose
NA	Blank11b	Blank	11	NA	NA	NA	NA	NA	NA	NA
NA	Std_0_2	Std	11	NA	NA	NA	NA	NA	NA	NA
NA	Std_1_2	Std	11	NA	NA	NA	NA	NA	NA	NA
NA	Std_2_2	Std	11	NA	NA	NA	NA	NA	NA	NA
NA	Std_3_2	Std	11	NA	NA	NA	NA	NA	NA	NA
NA	Std_4_2	Std	11	NA	NA	NA	NA	NA	NA	NA
NA	Std_5_2	Std	11	NA	NA	NA	NA	NA	NA	NA
NA	QC11i	QC	11	NA	NA	NA	NA	NA	NA	NA
NA	QC12a	QC	12	NA	NA	NA	NA	NA	NA	NA
NA	Std_0_1	Std	12	NA	NA	NA	NA	NA	NA	NA
NA	Std_1_1	Std	12	NA	NA	NA	NA	NA	NA	NA
NA	Std_2_1	Std	12	NA	NA	NA	NA	NA	NA	NA
NA	Std_3_1	Std	12	NA	NA	NA	NA	NA	NA	NA
NA	Std_4_1	Std	12	NA	NA	NA	NA	NA	NA	NA
NA	Std_5_1	Std	12	NA	NA	NA	NA	NA	NA	NA
NA	QC12b	QC	12	NA	NA	NA	NA	NA	NA	NA
NA	Blank12a	Blank	12	NA	NA	NA	NA	NA	NA	NA
LB245	245_3_A_0-3	Sample	12	LM-S	1	Treatment B	CC	20	0-3h	Glucose
LB245	245_3_A_BL	Sample	12	LM-S	1	Treatment B	CC	20	Baseline	Glucose
LB245	245_3_A_3-6	Sample	12	LM-S	1	Treatment B	CC	20	3-6h	Glucose
LB245	245_3_A_AH	Sample	12	LM-S	1	Treatment B	CC	20	At-home	Glucose
NA	QC12c	QC	12	NA	NA	NA	NA	NA	NA	NA
LB118	118_1_A_BL	Sample	12	Control	2	Treatment A	TT	10	Baseline	Lactose
LB118	118_1_A_AH	Sample	12	Control	2	Treatment A	TT	10	At-home	Lactose
LB118	118_1_A_3-6	Sample	12	Control	2	Treatment A	TT	10	3-6h	Lactose
LB118	118_1_A_0-3	Sample	12	Control	2	Treatment A	TT	10	0-3h	Lactose
LB202	202_3_A_AH	Sample	12	LM-S	2	Treatment A	CC	140	At-home	Lactose
NA	QC12d	QC	12	NA	NA	NA	NA	NA	NA	NA
LB202	202_3_A_3-6	Sample	12	LM-S	2	Treatment A	CC	140	3-6h	Lactose
LB202	202_3_A_BL	Sample	12	LM-S	2	Treatment A	CC	140	Baseline	Lactose
LB202	202_3_A_0-3	Sample	12	LM-S	2	Treatment A	CC	140	0-3h	Lactose
LB009	009_1_B_3-6	Sample	12	Control	2	Treatment B	TT	10	3-6h	Glucose
LB009	009_1_B_BL	Sample	12	Control	2	Treatment B	TT	10	Baseline	Glucose
NA	QC12e	QC	12	NA	NA	NA	NA	NA	NA	NA
LB009	009_1_B_AH	Sample	12	Control	2	Treatment B	TT	10	At-home	Glucose
LB009	009_1_B_0-3	Sample	12	Control	2	Treatment B	TT	10	0-3h	Glucose
LB094	094_2_A_BL	Sample	12	LM-A	2	Treatment A	CC	0	Baseline	Lactose
LB094	094_2_A_0-3	Sample	12	LM-A	2	Treatment A	CC	0	0-3h	Lactose
LB094	094_2_A_3-6	Sample	12	LM-A	2	Treatment A	CC	0	3-6h	Lactose
NA	QC12f	QC	12	NA	NA	NA	NA	NA	NA	NA
LB094	094_2_A_AH	Sample	12	LM-A	2	Treatment A	CC	0	At-home	Lactose
LB170	170_3_A_AH	Sample	12	LM-S	2	Treatment A	CC	20	At-home	Lactose
LB170	170_3_A_3-6	Sample	12	LM-S	2	Treatment A	CC	20	3-6h	Lactose
LB170	170_3_A_0-3	Sample	12	LM-S	2	Treatment A	CC	20	0-3h	Lactose
LB170	170_3_A_BL	Sample	12	LM-S	2	Treatment A	CC	20	Baseline	Lactose
NA	QC12g	QC	12	NA	NA	NA	NA	NA	NA	NA
LB062	062_3_A_3-6	Sample	12	LM-S	2	Treatment A	CC	20	3-6h	Lactose
LB062	062_3_A_AH	Sample	12	LM-S	2	Treatment A	CC	20	At-home	Lactose
LB062	062_3_A_0-3	Sample	12	LM-S	2	Treatment A	CC	20	0-3h	Lactose
LB062	062_3_A_BL	Sample	12	LM-S	2	Treatment A	CC	20	Baseline	Lactose
LB117	117_2_A_BL	Sample	12	LM-A	1	Treatment A	CC	10	Baseline	Lactose
NA	QC12h	QC	12	NA	NA	NA	NA	NA	NA	NA
LB117	117_2_A_0-3	Sample	12	LM-A	1	Treatment A	CC	10	0-3h	Lactose
LB117	117_2_A_3-6	Sample	12	LM-A	1	Treatment A	CC	10	3-6h	Lactose
LB117	117_2_A_AH	Sample	12	LM-A	1	Treatment A	CC	10	At-home	Lactose
NA	Blank12b	Blank	12	NA	NA	NA	NA	NA	NA	NA
NA	Std_0_2	Std	12	NA	NA	NA	NA	NA	NA	NA
NA	Std_1_2	Std	12	NA	NA	NA	NA	NA	NA	NA
NA	Std_2_2	Std	12	NA	NA	NA	NA	NA	NA	NA
NA	Std_3_2	Std	12	NA	NA	NA	NA	NA	NA	NA
NA	Std_4_2	Std	12	NA	NA	NA	NA	NA	NA	NA
NA	Std_5_2	Std	12	NA	NA	NA	NA	NA	NA	NA
NA	QC12i	QC	12	NA	NA	NA	NA	NA	NA	NA
NA	QC13a	QC	13	NA	NA	NA	NA	NA	NA	NA
NA	Std_0_1	Std	13	NA	NA	NA	NA	NA	NA	NA
NA	Std_1_1	Std	13	NA	NA	NA	NA	NA	NA	NA
NA	Std_2_1	Std	13	NA	NA	NA	NA	NA	NA	NA
NA	Std_3_1	Std	13	NA	NA	NA	NA	NA	NA	NA
NA	Std_4_1	Std	13	NA	NA	NA	NA	NA	NA	NA
NA	Std_5_1	Std	13	NA	NA	NA	NA	NA	NA	NA
NA	QC13b	QC	13	NA	NA	NA	NA	NA	NA	NA
NA	Blank13a	Blank	13	NA	NA	NA	NA	NA	NA	NA
LB024	024_1_A_0-3	Sample	13	Control	2	Treatment A	CT	40	0-3h	Lactose
LB024	024_1_A_AH	Sample	13	Control	2	Treatment A	CT	40	At-home	Lactose
LB024	024_1_A_BL	Sample	13	Control	2	Treatment A	CT	40	Baseline	Lactose
LB024	024_1_A_3-6	Sample	13	Control	2	Treatment A	CT	40	3-6h	Lactose
NA	QC13c	QC	13	NA	NA	NA	NA	NA	NA	NA
LB240	240_3_B_AH	Sample	13	LM-S	2	Treatment B	CC	50	At-home	Glucose
LB240	240_3_B_3-6	Sample	13	LM-S	2	Treatment B	CC	50	3-6h	Glucose
LB240	240_3_B_0-3	Sample	13	LM-S	2	Treatment B	CC	50	0-3h	Glucose
LB240	240_3_B_BL	Sample	13	LM-S	2	Treatment B	CC	50	Baseline	Glucose
LB212	212_3_B_3-6	Sample	13	LM-S	2	Treatment B	CC	120	3-6h	Glucose
NA	QC13d	QC	13	NA	NA	NA	NA	NA	NA	NA
LB212	212_3_B_BL	Sample	13	LM-S	2	Treatment B	CC	120	Baseline	Glucose
LB212	212_3_B_AH	Sample	13	LM-S	2	Treatment B	CC	120	At-home	Glucose
LB212	212_3_B_0-3	Sample	13	LM-S	2	Treatment B	CC	120	0-3h	Glucose
LB149	149_2_A_AH	Sample	13	LM-A	1	Treatment A	CC	190	At-home	Lactose
LB149	149_2_A_BL	Sample	13	LM-A	1	Treatment A	CC	190	Baseline	Lactose
NA	QC13e	QC	13	NA	NA	NA	NA	NA	NA	NA
LB149	149_2_A_3-6	Sample	13	LM-A	1	Treatment A	CC	190	3-6h	Lactose
LB149	149_2_A_0-3	Sample	13	LM-A	1	Treatment A	CC	190	0-3h	Lactose
LB230	230_3_B_AH	Sample	13	LM-S	1	Treatment B	CC	20	At-home	Glucose
LB230	230_3_B_0-3	Sample	13	LM-S	1	Treatment B	CC	20	0-3h	Glucose
LB230	230_3_B_3-6	Sample	13	LM-S	1	Treatment B	CC	20	3-6h	Glucose
NA	QC13f	QC	13	NA	NA	NA	NA	NA	NA	NA
LB230	230_3_B_BL	Sample	13	LM-S	1	Treatment B	CC	20	Baseline	Glucose
LB211	211_3_A_3-6	Sample	13	LM-S	2	Treatment A	CC	0	3-6h	Lactose
LB211	211_3_A_AH	Sample	13	LM-S	2	Treatment A	CC	0	At-home	Lactose
LB211	211_3_A_BL	Sample	13	LM-S	2	Treatment A	CC	0	Baseline	Lactose
LB211	211_3_A_0-3	Sample	13	LM-S	2	Treatment A	CC	0	0-3h	Lactose
NA	QC13g	QC	13	NA	NA	NA	NA	NA	NA	NA
LB124	124_2_A_0-3	Sample	13	LM-A	1	Treatment A	CC	0	0-3h	Lactose
LB124	124_2_A_3-6	Sample	13	LM-A	1	Treatment A	CC	0	3-6h	Lactose
LB231	231_3_A_AH	Sample	13	LM-S	1	Treatment A	CC	100	At-home	Lactose
NA	QC13h	QC	13	NA	NA	NA	NA	NA	NA	NA
LB231	231_3_A_BL	Sample	13	LM-S	1	Treatment A	CC	100	Baseline	Lactose
LB231	231_3_A_3-6	Sample	13	LM-S	1	Treatment A	CC	100	3-6h	Lactose
LB231	231_3_A_0-3	Sample	13	LM-S	1	Treatment A	CC	100	0-3h	Lactose
NA	Blank13b	Blank	13	NA	NA	NA	NA	NA	NA	NA
NA	Std_0_2	Std	13	NA	NA	NA	NA	NA	NA	NA
NA	Std_1_2	Std	13	NA	NA	NA	NA	NA	NA	NA
NA	Std_2_2	Std	13	NA	NA	NA	NA	NA	NA	NA
NA	Std_3_2	Std	13	NA	NA	NA	NA	NA	NA	NA
NA	Std_4_2	Std	13	NA	NA	NA	NA	NA	NA	NA
NA	Std_5_2	Std	13	NA	NA	NA	NA	NA	NA	NA
NA	QC13i	QC	13	NA	NA	NA	NA	NA	NA	NA
NA	QC14a	QC	14	NA	NA	NA	NA	NA	NA	NA
NA	Std_0_1	Std	14	NA	NA	NA	NA	NA	NA	NA
NA	Std_1_1	Std	14	NA	NA	NA	NA	NA	NA	NA
NA	Std_2_1	Std	14	NA	NA	NA	NA	NA	NA	NA
NA	Std_3_1	Std	14	NA	NA	NA	NA	NA	NA	NA
NA	Std_4_1	Std	14	NA	NA	NA	NA	NA	NA	NA
NA	Std_5_1	Std	14	NA	NA	NA	NA	NA	NA	NA
NA	QC14b	QC	14	NA	NA	NA	NA	NA	NA	NA
NA	Blank14a	Blank	14	NA	NA	NA	NA	NA	NA	NA
LB223	223_1_A_0-3	Sample	14	Control	2	Treatment A	CT	0	0-3h	Lactose
LB223	223_1_A_3-6	Sample	14	Control	2	Treatment A	CT	0	3-6h	Lactose
LB223	223_1_A_BL	Sample	14	Control	2	Treatment A	CT	0	Baseline	Lactose
LB223	223_1_A_AH	Sample	14	Control	2	Treatment A	CT	0	At-home	Lactose
NA	QC14c	QC	14	NA	NA	NA	NA	NA	NA	NA
LB238	238_3_A_3-6	Sample	14	LM-S	1	Treatment A	CC	80	3-6h	Lactose
LB238	238_3_A_BL	Sample	14	LM-S	1	Treatment A	CC	80	Baseline	Lactose
LB238	238_3_A_0-3	Sample	14	LM-S	1	Treatment A	CC	80	0-3h	Lactose
LB238	238_3_A_AH	Sample	14	LM-S	1	Treatment A	CC	80	At-home	Lactose
LB242	242_3_A_3-6	Sample	14	LM-S	2	Treatment A	CC	50	3-6h	Lactose
NA	QC14d	QC	14	NA	NA	NA	NA	NA	NA	NA
LB242	242_3_A_AH	Sample	14	LM-S	2	Treatment A	CC	50	At-home	Lactose
LB242	242_3_A_BL	Sample	14	LM-S	2	Treatment A	CC	50	Baseline	Lactose
LB242	242_3_A_0-3	Sample	14	LM-S	2	Treatment A	CC	50	0-3h	Lactose
LB164	164_2_A_0-3	Sample	14	LM-A	2	Treatment A	CC	NA	0-3h	Lactose
LB164	164_2_A_AH	Sample	14	LM-A	2	Treatment A	CC	NA	At-home	Lactose
NA	QC14e	QC	14	NA	NA	NA	NA	NA	NA	NA
LB164	164_2_A_BL	Sample	14	LM-A	2	Treatment A	CC	NA	Baseline	Lactose
LB164	164_2_A_3-6	Sample	14	LM-A	2	Treatment A	CC	NA	3-6h	Lactose
LB235	235_3_A_0-3	Sample	14	LM-S	2	Treatment A	CC	20	0-3h	Lactose
LB235	235_3_A_BL	Sample	14	LM-S	2	Treatment A	CC	20	Baseline	Lactose
LB235	235_3_A_3-6	Sample	14	LM-S	2	Treatment A	CC	20	3-6h	Lactose
NA	QC14f	QC	14	NA	NA	NA	NA	NA	NA	NA
LB235	235_3_A_AH	Sample	14	LM-S	2	Treatment A	CC	20	At-home	Lactose
LB095	095_1_A_AH	Sample	14	Control	2	Treatment A	CT	NA	At-home	Lactose
LB095	095_1_A_0-3	Sample	14	Control	2	Treatment A	CT	NA	0-3h	Lactose
LB095	095_1_A_BL	Sample	14	Control	2	Treatment A	CT	NA	Baseline	Lactose
LB095	095_1_A_3-6	Sample	14	Control	2	Treatment A	CT	NA	3-6h	Lactose
NA	QC14g	QC	14	NA	NA	NA	NA	NA	NA	NA
LB244	244_3_A_BL	Sample	14	LM-S	1	Treatment A	CC	0	Baseline	Lactose
LB244	244_3_A_AH	Sample	14	LM-S	1	Treatment A	CC	0	At-home	Lactose
LB244	244_3_A_0-3	Sample	14	LM-S	1	Treatment A	CC	0	0-3h	Lactose
LB244	244_3_A_3-6	Sample	14	LM-S	1	Treatment A	CC	0	3-6h	Lactose
LB229	229_3_B_AH	Sample	14	LM-S	1	Treatment B	CC	10	At-home	Glucose
NA	QC14h	QC	14	NA	NA	NA	NA	NA	NA	NA
LB229	229_3_B_0-3	Sample	14	LM-S	1	Treatment B	CC	10	0-3h	Glucose
LB229	229_3_B_BL	Sample	14	LM-S	1	Treatment B	CC	10	Baseline	Glucose
LB229	229_3_B_3-6	Sample	14	LM-S	1	Treatment B	CC	10	3-6h	Glucose
NA	Blank14b	Blank	14	NA	NA	NA	NA	NA	NA	NA
NA	Std_0_2	Std	14	NA	NA	NA	NA	NA	NA	NA
NA	Std_1_2	Std	14	NA	NA	NA	NA	NA	NA	NA
NA	Std_2_2	Std	14	NA	NA	NA	NA	NA	NA	NA
NA	Std_3_2	Std	14	NA	NA	NA	NA	NA	NA	NA
NA	Std_4_2	Std	14	NA	NA	NA	NA	NA	NA	NA
NA	Std_5_2	Std	14	NA	NA	NA	NA	NA	NA	NA
NA	QC14i	QC	14	NA	NA	NA	NA	NA	NA	NA
NA	QC15a	QC	15	NA	NA	NA	NA	NA	NA	NA
NA	Std_0_1	Std	15	NA	NA	NA	NA	NA	NA	NA
NA	Std_1_1	Std	15	NA	NA	NA	NA	NA	NA	NA
NA	Std_2_1	Std	15	NA	NA	NA	NA	NA	NA	NA
NA	Std_3_1	Std	15	NA	NA	NA	NA	NA	NA	NA
NA	Std_4_1	Std	15	NA	NA	NA	NA	NA	NA	NA
NA	Std_5_1	Std	15	NA	NA	NA	NA	NA	NA	NA
NA	QC15b	QC	15	NA	NA	NA	NA	NA	NA	NA
NA	Blank15a	Blank	15	NA	NA	NA	NA	NA	NA	NA
NA	Bla18_3-6	Blank	15	NA	NA	NA	NA	NA	3-6h	NA
NA	Bla16_3-6	Blank	15	NA	NA	NA	NA	NA	3-6h	NA
NA	Bla12_0-3	Blank	15	NA	NA	NA	NA	NA	0-3h	NA
NA	Bla13_3-6	Blank	15	NA	NA	NA	NA	NA	3-6h	NA
NA	QC15c	QC	15	NA	NA	NA	NA	NA	NA	NA
NA	Bla18_0-3	Blank	15	NA	NA	NA	NA	NA	0-3h	NA
NA	Bla19_3-6	Blank	15	NA	NA	NA	NA	NA	3-6h	NA
NA	Bla06_0-3	Blank	15	NA	NA	NA	NA	NA	0-3h	NA
NA	Bla07_0-3	Blank	15	NA	NA	NA	NA	NA	0-3h	NA
NA	Bla02_0-3	Blank	15	NA	NA	NA	NA	NA	0-3h	NA
NA	QC15d	QC	15	NA	NA	NA	NA	NA	NA	NA
NA	Bla01_0-3	Blank	15	NA	NA	NA	NA	NA	0-3h	NA
NA	Bla04_3-6	Blank	15	NA	NA	NA	NA	NA	3-6h	NA
NA	Bla13_0-3	Blank	15	NA	NA	NA	NA	NA	0-3h	NA
NA	Bla15_0-3	Blank	15	NA	NA	NA	NA	NA	0-3h	NA
NA	Bla15_3-6	Blank	15	NA	NA	NA	NA	NA	3-6h	NA
NA	QC15e	QC	15	NA	NA	NA	NA	NA	NA	NA
NA	Bla17_0-3	Blank	15	NA	NA	NA	NA	NA	0-3h	NA
NA	Bla08_0-3	Blank	15	NA	NA	NA	NA	NA	0-3h	NA
NA	Bla11_3-6	Blank	15	NA	NA	NA	NA	NA	3-6h	NA
NA	Bla06_3-6	Blank	15	NA	NA	NA	NA	NA	3-6h	NA
NA	Bla16_0-3	Blank	15	NA	NA	NA	NA	NA	0-3h	NA
NA	QC15f	QC	15	NA	NA	NA	NA	NA	NA	NA
NA	Bla08_3-6	Blank	15	NA	NA	NA	NA	NA	3-6h	NA
NA	Bla14_0-3	Blank	15	NA	NA	NA	NA	NA	0-3h	NA
NA	Bla10_0-3	Blank	15	NA	NA	NA	NA	NA	0-3h	NA
NA	Bla09_0-3	Blank	15	NA	NA	NA	NA	NA	0-3h	NA
NA	Bla01_3-6	Blank	15	NA	NA	NA	NA	NA	3-6h	NA
NA	QC15g	QC	15	NA	NA	NA	NA	NA	NA	NA
NA	Bla14_3-6	Blank	15	NA	NA	NA	NA	NA	3-6h	NA
NA	Bla03_3-6	Blank	15	NA	NA	NA	NA	NA	3-6h	NA
NA	Bla05_0-3	Blank	15	NA	NA	NA	NA	NA	0-3h	NA
NA	Bla03_0-3	Blank	15	NA	NA	NA	NA	NA	0-3h	NA
NA	Bla17_3-6	Blank	15	NA	NA	NA	NA	NA	3-6h	NA
NA	QC15h	QC	15	NA	NA	NA	NA	NA	NA	NA
NA	Bla11_0-3	Blank	15	NA	NA	NA	NA	NA	0-3h	NA
NA	Bla02_3-6	Blank	15	NA	NA	NA	NA	NA	3-6h	NA
NA	Bla04_0-3	Blank	15	NA	NA	NA	NA	NA	0-3h	NA
NA	Blank15b	Blank	15	NA	NA	NA	NA	NA	NA	NA
NA	Std_0_2	Std	15	NA	NA	NA	NA	NA	NA	NA
NA	Std_1_2	Std	15	NA	NA	NA	NA	NA	NA	NA
NA	Std_2_2	Std	15	NA	NA	NA	NA	NA	NA	NA
NA	Std_3_2	Std	15	NA	NA	NA	NA	NA	NA	NA
NA	Std_4_2	Std	15	NA	NA	NA	NA	NA	NA	NA
NA	Std_5_2	Std	15	NA	NA	NA	NA	NA	NA	NA
NA	QC15i	QC	15	NA	NA	NA	NA	NA	NA	NA
NA	QC16a	QC	16	NA	NA	NA	NA	NA	NA	NA
NA	QC13k	QC	16	NA	NA	NA	NA	NA	NA	NA
NA	Std_0_1	Std	16	NA	NA	NA	NA	NA	NA	NA
NA	Std_1_1	Std	16	NA	NA	NA	NA	NA	NA	NA
NA	Std_2_1	Std	16	NA	NA	NA	NA	NA	NA	NA
NA	Std_3_1	Std	16	NA	NA	NA	NA	NA	NA	NA
NA	Std_4_1	Std	16	NA	NA	NA	NA	NA	NA	NA
NA	Std_5_1	Std	16	NA	NA	NA	NA	NA	NA	NA
NA	Std_6_1	Std	16	NA	NA	NA	NA	NA	NA	NA
NA	Std_7_1	Std	16	NA	NA	NA	NA	NA	NA	NA
NA	Std_8_1	Std	16	NA	NA	NA	NA	NA	NA	NA
NA	QC16b	QC	16	NA	NA	NA	NA	NA	NA	NA
NA	QC13l	QC	16	NA	NA	NA	NA	NA	NA	NA
NA	Blank16a	Blank	16	NA	NA	NA	NA	NA	NA	NA
NA	Bla07_3-6	Blank	16	NA	NA	NA	NA	NA	3-6h	NA
NA	Bla19_0-3	Blank	16	NA	NA	NA	NA	NA	0-3h	NA
NA	Bla09_3-6	Blank	16	NA	NA	NA	NA	NA	3-6h	NA
NA	Bla12_3-6	Blank	16	NA	NA	NA	NA	NA	3-6h	NA
NA	QC16c	QC	16	NA	NA	NA	NA	NA	NA	NA
NA	QC13m	QC	16	NA	NA	NA	NA	NA	NA	NA
NA	Bla10_3-6	Blank	16	NA	NA	NA	NA	NA	3-6h	NA
NA	Bla05_3-6	Blank	16	NA	NA	NA	NA	NA	3-6h	NA
LB150	150_3_A_BL	Sample	16	LM-S	1	Treatment A	CC	160	Baseline	Lactose
LB077	077_2_A_BL	Sample	16	LM-A	1	Treatment A	CC	0	Baseline	Lactose
LB193	193_3_A_AH	Sample	16	LM-S	2	Treatment A	CC	50	At-home	Lactose
NA	QC16d	QC	16	NA	NA	NA	NA	NA	NA	NA
NA	QC14k	QC	16	NA	NA	NA	NA	NA	NA	NA
LB177	177_3_A_AH	Sample	16	LM-S	1	Treatment A	CC	NA	At-home	Lactose
LB144	144_3_A_AH	Sample	16	LM-S	1	Treatment A	CC	20	At-home	Lactose
LB124	124_2_A_AH	Sample	16	LM-A	1	Treatment A	CC	0	At-home	Lactose
LB124	124_2_A_BL	Sample	16	LM-A	1	Treatment A	CC	0	Baseline	Lactose
LB007	007_1_A_0-3	Sample	16	Control	1	Treatment A	CT	NA	0-3h	Lactose
NA	QC14l	QC	16	NA	NA	NA	NA	NA	NA	NA
LB007	007_1_A_AH	Sample	16	Control	1	Treatment A	CT	NA	At-home	Lactose
LB007	007_1_A_BL	Sample	16	Control	1	Treatment A	CT	NA	Baseline	Lactose
LB007	007_1_A_3-6	Sample	16	Control	1	Treatment A	CT	NA	3-6h	Lactose
LB209	209_3_A_AH	Sample	16	LM-S	1	Treatment A	CC	160	At-home	Lactose
LB209	209_3_A_0-3	Sample	16	LM-S	1	Treatment A	CC	160	0-3h	Lactose
NA	QC16f	QC	16	NA	NA	NA	NA	NA	NA	NA
NA	QC15k	QC	16	NA	NA	NA	NA	NA	NA	NA
LB209	209_3_A_BL	Sample	16	LM-S	1	Treatment A	CC	160	Baseline	Lactose
LB209	209_3_A_3-6	Sample	16	LM-S	1	Treatment A	CC	160	3-6h	Lactose
LB027	027_1_A_0-3	Sample	16	Control	1	Treatment A	CT	NA	0-3h	Lactose
LB027	027_1_A_AH	Sample	16	Control	1	Treatment A	CT	NA	At-home	Lactose
LB027	027_1_A_3-6	Sample	16	Control	1	Treatment A	CT	NA	3-6h	Lactose
NA	QC16g	QC	16	NA	NA	NA	NA	NA	NA	NA
NA	QC15l	QC	16	NA	NA	NA	NA	NA	NA	NA
LB027	027_1_A_BL	Sample	16	Control	1	Treatment A	CT	NA	Baseline	Lactose
NA	Blank16b	Blank	16	NA	NA	NA	NA	NA	NA	NA
NA	Std_0_2	Std	16	NA	NA	NA	NA	NA	NA	NA
NA	Std_1_2	Std	16	NA	NA	NA	NA	NA	NA	NA
NA	Std_2_2	Std	16	NA	NA	NA	NA	NA	NA	NA
NA	Std_3_2	Std	16	NA	NA	NA	NA	NA	NA	NA
NA	Std_4_2	Std	16	NA	NA	NA	NA	NA	NA	NA
NA	Std_5_2	Std	16	NA	NA	NA	NA	NA	NA	NA
NA	Std_6_2	Std	16	NA	NA	NA	NA	NA	NA	NA
NA	Std_7_2	Std	16	NA	NA	NA	NA	NA	NA	NA
NA	Std_8_2	Std	16	NA	NA	NA	NA	NA	NA	NA
NA	QC16i	QC	16	NA	NA	NA	NA	NA	NA	NA
NA	QC15m	QC	16	NA	NA	NA	NA	NA	NA	NA
NA	QC17a	QC	17	NA	NA	NA	NA	NA	NA	NA
NA	QC10k	QC	17	NA	NA	NA	NA	NA	NA	NA
NA	Std_0_1	Std	17	NA	NA	NA	NA	NA	NA	NA
NA	Std_1_1	Std	17	NA	NA	NA	NA	NA	NA	NA
NA	Std_2_1	Std	17	NA	NA	NA	NA	NA	NA	NA
NA	Std_3_1	Std	17	NA	NA	NA	NA	NA	NA	NA
NA	Std_4_1	Std	17	NA	NA	NA	NA	NA	NA	NA
NA	Std_5_1	Std	17	NA	NA	NA	NA	NA	NA	NA
NA	QC17b	QC	17	NA	NA	NA	NA	NA	NA	NA
NA	QC10l	QC	17	NA	NA	NA	NA	NA	NA	NA
NA	Blank17a	Blank	17	NA	NA	NA	NA	NA	NA	NA
NA	Blank17b	Blank	17	NA	NA	NA	NA	NA	NA	NA
NA	Blank17c	Blank	17	NA	NA	NA	NA	NA	NA	NA
LB116	116_3_B_AH	Sample	17	LM-S	1	Treatment B	CC	20	At-home	Glucose
LB116	116_3_B_BL	Sample	17	LM-S	1	Treatment B	CC	20	Baseline	Glucose
LB116	116_3_B_3-6	Sample	17	LM-S	1	Treatment B	CC	20	3-6h	Glucose
LB116	116_3_B_0-3	Sample	17	LM-S	1	Treatment B	CC	20	0-3h	Glucose
NA	QC17c	QC	17	NA	NA	NA	NA	NA	NA	NA
NA	QC10m	QC	17	NA	NA	NA	NA	NA	NA	NA
NA	Blank17d	Blank	17	NA	NA	NA	NA	NA	NA	NA
LB154	154_3_B_3-6	Sample	17	LM-S	2	Treatment B	CC	40	3-6h	Glucose
LB154	154_3_B_AH	Sample	17	LM-S	2	Treatment B	CC	40	At-home	Glucose
LB154	154_3_B_BL	Sample	17	LM-S	2	Treatment B	CC	40	Baseline	Glucose
LB154	154_3_B_0-3	Sample	17	LM-S	2	Treatment B	CC	40	0-3h	Glucose
NA	QC17d	QC	17	NA	NA	NA	NA	NA	NA	NA
NA	QC11k	QC	17	NA	NA	NA	NA	NA	NA	NA
NA	Blank17e	Blank	17	NA	NA	NA	NA	NA	NA	NA
LB102	102_2_B_BL	Sample	17	LM-A	2	Treatment B	CC	0	Baseline	Glucose
LB102	102_2_B_0-3	Sample	17	LM-A	2	Treatment B	CC	0	0-3h	Glucose
LB102	102_2_B_AH	Sample	17	LM-A	2	Treatment B	CC	0	At-home	Glucose
LB102	102_2_B_3-6	Sample	17	LM-A	2	Treatment B	CC	0	3-6h	Glucose
NA	QC17e	QC	17	NA	NA	NA	NA	NA	NA	NA
NA	QC11l	QC	17	NA	NA	NA	NA	NA	NA	NA
NA	Blank17f	Blank	17	NA	NA	NA	NA	NA	NA	NA
LB145	145_3_B_0-3	Sample	17	LM-S	1	Treatment B	CC	30	0-3h	Glucose
LB145	145_3_B_3-6	Sample	17	LM-S	1	Treatment B	CC	30	3-6h	Glucose
LB145	145_3_B_BL	Sample	17	LM-S	1	Treatment B	CC	30	Baseline	Glucose
LB145	145_3_B_AH	Sample	17	LM-S	1	Treatment B	CC	30	At-home	Glucose
NA	QC17f	QC	17	NA	NA	NA	NA	NA	NA	NA
NA	QC11m	QC	17	NA	NA	NA	NA	NA	NA	NA
NA	Blank17g	Blank	17	NA	NA	NA	NA	NA	NA	NA
LB035	035_2_B_0-3	Sample	17	LM-A	2	Treatment B	CC	0	0-3h	Glucose
LB035	035_2_B_AH	Sample	17	LM-A	2	Treatment B	CC	0	At-home	Glucose
LB035	035_2_B_3-6	Sample	17	LM-A	2	Treatment B	CC	0	3-6h	Glucose
LB035	035_2_B_BL	Sample	17	LM-A	2	Treatment B	CC	0	Baseline	Glucose
NA	Blank17h	Blank	17	NA	NA	NA	NA	NA	NA	NA
NA	Std_0_2	Std	17	NA	NA	NA	NA	NA	NA	NA
NA	Std_1_2	Std	17	NA	NA	NA	NA	NA	NA	NA
NA	Std_2_2	Std	17	NA	NA	NA	NA	NA	NA	NA
NA	Std_3_2	Std	17	NA	NA	NA	NA	NA	NA	NA
NA	Std_4_2	Std	17	NA	NA	NA	NA	NA	NA	NA
NA	Std_5_2	Std	17	NA	NA	NA	NA	NA	NA	NA
NA	QC17g	QC	17	NA	NA	NA	NA	NA	NA	NA
NA	QC12k	QC	17	NA	NA	NA	NA	NA	NA	NA
