Type	batch	Name	injection_order	galactose_ion_area	lactose_ion_area	galactitol_ion_area	galactonate_ion_area
QC	1	QC1a	26022402	213019.03099491	639034.153881992	178860.31664115	2816124.41150912
Std	1	Std_0_1	26022403	214042.870168886	622999.495092584	182523.252928294	2855121.28452632
Std	1	Std_1_1	26022404	435803.438344317	863650.883033214	220027.628577409	4880762.49399135
Std	1	Std_2_1	26022405	516759.769260094	992267.254557396	250366.287075691	5938658.24808852
Std	1	Std_3_1	26022406	622763.74079473	1413506.47876491	290031.851272505	7400964.75440221
Std	1	Std_4_1	26022407	923072.081463676	1657304.40806197	346758.76672787	10100755.9322488
Std	1	Std_5_1	26022408	1239740.86752153	2229604.15881718	412286.161723299	13487134.3704707
QC	1	QC1b	26022409	254797.888390103	904179.088469272	204535.331575774	3403233.01451484
Sample	1	113_2_A_BL	26022411	21924.2988574442	70968.8227006141	82628.0034243679	2913500.64952386
Sample	1	113_2_A_3-6	26022412	319219.43974048	1081788.19733283	301993.088760714	5251082.22952893
Sample	1	113_2_A_0-3	26022413	63886.616653197	36334.5331177238	15974.1070953254	445665.984681728
Sample	1	113_2_A_AH	26022414	75862.1005009267	145394.090394392	234644.877578667	7815464.4241325
QC	1	QC1c	26022415	212313.400188572	525826.782788676	175879.205792625	2718925.73214674
Sample	1	137_3_A_AH	26022416	150001.302070712	217694.382410174	367075.930740187	4190151.77917498
Sample	1	137_3_A_BL	26022417	53428.4594448204	103401.457882817	157179.743263202	1307331.78682023
Sample	1	137_3_A_3-6	26022418	90762.7524110211	3636690.91753162	1101166.92417387	14747367.4065726
Sample	1	137_3_A_0-3	26022419	194027.5782315	288776.934947524	119195.910784825	1126994.43797581
Sample	1	142_3_A_3-6	26022420	9443.88889134498	161385.268313956	57634.3333163266	848466.511338534
QC	1	QC1d	26022421	204268.428988563	478711.973134111	172064.985987918	2621054.8863073
Sample	1	142_3_A_AH	26022422	122630.391290854	187388.841191733	324415.005295106	2146479.74206832
Sample	1	142_3_A_0-3	26022423	167949.81876283	369031.492799719	92869.2938520047	1070412.70377181
Sample	1	142_3_A_BL	26022424	15301.4059987615	25476.2808425704	52307.7303079003	305412.746809678
Sample	1	107_1_A_3-6	26022425	44984.7796325852	331056.313795774	660561.840949871	15071622.3638461
Sample	1	107_1_A_AH	26022426	37011.5242955339	49952.4254976563	165419.597378726	3139137.24453413
QC	1	QC1e	26022427	222847.820084572	589902.200706696	183824.660746021	2854817.74293146
Sample	1	107_1_A_0-3	26022428	265623.89609727	186004.645309381	211117.419015311	3232247.71201614
Sample	1	107_1_A_BL	26022429	82042.8879384358	97407.4432121709	317091.708891884	5398935.32362798
Sample	1	112_1_A_BL	26022430	106434.354493598	351914.72378285	325630.516593293	2309560.2720358
Sample	1	112_1_A_0-3	26022431	1016013.30024793	211227.194418324	206345.325241245	2986756.12728323
Sample	1	112_1_A_3-6	26022432	6600.39744407919	37380.9889639217	72631.6719308699	1581094.90210054
QC	1	QC1f	26022433	209346.817865856	524173.883117863	174424.860697188	2693760.88148512
Sample	1	112_1_A_AH	26022434	19370.3690896608	56183.2583377371	67286.4984832538	481719.336999505
Sample	1	126_3_A_AH	26022435	37668.6324837545	80481.4267687218	95048.409622507	2360721.4090722
Sample	1	126_3_A_BL	26022436	86367.7902793875	259168.028247614	243827.004742523	3062011.97582589
Sample	1	126_3_A_0-3	26022437	433928.054608956	732531.858285175	112441.559476014	1397217.31450547
Sample	1	126_3_A_3-6	26022438	75534.5100352245	449324.658492723	95272.2143613055	1675533.30448081
QC	1	QC1g	26022439	210016.004814194	550820.671293262	174834.190846652	2690839.16517113
Sample	1	047_3_A_3-6	26022440	21563.8503102275	1736282.19770342	147264.797183981	2550142.7077102
Sample	1	047_3_A_BL	26022441	53039.0238154093	122886.553703404	216938.266834755	2933751.32082947
Sample	1	047_3_A_0-3	26022442	305476.4531964	352407.873747959	66756.8302220329	843428.131277511
Sample	1	047_3_A_AH	26022443	84583.1961455297	159051.561335194	352784.070517895	7230862.31796765
QC	1	QC1h	26022445	203088.955442394	508073.586253589	169282.695585086	2586269.002575
Std	1	Std_0_2	26022450	202313.983134532	534491.376927426	168546.906931894	2604544.2057337
Std	1	Std_1_2	26022451	396593.294885875	749503.436806882	197069.6660931	4349186.94587114
Std	1	Std_2_2	26022452	486663.990036829	914810.913621284	239268.63921244	5537731.78074843
Std	1	Std_3_2	26022453	606359.608371317	1192704.524083	279574.05591707	6857296.57240208
Std	1	Std_4_2	26022454	859324.55636836	1481765.58926502	319402.901129276	8983802.46236586
Std	1	Std_5_2	26022455	1207348.51761681	1914222.51118523	380476.886861637	12372871.5218446
QC	1	QC1i	26022456	202944.744718538	516315.755032446	169295.566460241	2640873.63059463
QC	2	QC2a	26030202	189082.406549788	506182.046780929	157052.371903895	2496058.76046467
Std	2	Std_0_1	26030203	194271.976887406	513994.453763134	160056.073042813	2555031.93319773
Std	2	Std_1_1	26030204	417435.386764451	799913.458530788	209393.881293874	4740529.06450791
Std	2	Std_2_1	26030205	519029.146462106	971187.436948892	241684.261160908	5998378.58537265
Std	2	Std_3_1	26030206	575586.843616833	1090776.03767911	246452.99530436	6768003.85015888
Std	2	Std_4_1	26030207	898110.186115071	1593367.89142779	320662.590677488	9778104.48344516
Std	2	Std_5_1	26030208	1282809.09755004	2093343.92895506	376054.855563041	13865301.0410299
QC	2	QC2b	26030209	192608.938898998	513246.087160955	157431.606368767	2536652.84005873
Sample	2	010_1_A_BL	26030211	45348.6954970526	134237.509777819	163194.222327821	1423050.80813298
Sample	2	010_1_A_3-6	26030212	11580.8024452353	32881.2593417409	120327.372203702	2240556.64594778
Sample	2	010_1_A_AH	26030213	50896.8753364461	79606.5922199535	159629.505553904	1854150.25937625
Sample	2	010_1_A_0-3	26030214	1353882.41436586	75677.0499275145	140472.731054354	1535373.63904672
QC	2	QC2c	26030215	190565.284523486	488630.139089078	155783.312893812	2480578.72466515
Sample	2	059_2_A_BL	26030216	79624.7996977456	191329.972753783	264950.3243826	2003722.84610045
Sample	2	059_2_A_3-6	26030217	51769.2484418246	1264828.74988381	336731.217938247	4969555.41535945
Sample	2	059_2_A_AH	26030218	65125.6834878943	115090.255687076	210878.79204242	2250989.9495038
Sample	2	059_2_A_0-3	26030219	429744.524926319	138100.256247888	51692.8098548973	510657.315027674
Sample	2	123_2_A_BL	26030220	9531.20564086513	21182.9706278599	38119.685275086	309418.912695602
QC	2	QC2d	26030221	193207.769313339	515165.200256963	155862.137818997	2523042.36037027
Sample	2	123_2_A_0-3	26030222	333437.133246745	135035.771784292	80708.0390023514	1112027.9432919
Sample	2	123_2_A_AH	26030223	22015.3950710851	33878.3075372261	79298.4118690472	1303395.83348265
Sample	2	123_2_A_3-6	26030224	16040.7793280738	195112.865817905	97944.571674305	1777033.29445204
Sample	2	065_3_A_AH	26030225	104178.140098082	137986.05242749	322417.489972077	6064135.11557332
Sample	2	065_3_A_0-3	26030226	318285.900297259	412822.722022349	98686.1305372161	1077083.0840959
QC	2	QC2e	26030227	186589.614186816	477302.700782305	152494.405755921	2405743.97904865
Sample	2	065_3_A_BL	26030228	58708.4365441121	87058.2721087957	187898.461331334	2708399.28825056
Sample	2	065_3_A_3-6	26030229	25177.6644183064	1008811.58447654	166494.318623818	2456630.28718674
Sample	2	111_3_B_AH	26030230	32742.2680217783	50921.1576830062	109736.00209272	1642023.35069306
Sample	2	111_3_B_BL	26030231	89675.8051294337	153143.658920923	314705.453216294	3578754.10087508
Sample	2	111_3_B_3-6	26030232	5125.07345774683	6499.10392369162	18446.8400382784	161272.170166799
QC	2	QC2f	26030233	178557.713220676	497466.785887612	148656.886896931	2342524.43819803
Sample	2	111_3_B_0-3	26030234	3990.42653763699	6839.28748439359	15435.4788360494	145264.613506036
Sample	2	044_3_A_BL	26030235	275236.56336603	571762.118350006	892307.996654203	9284499.8269809
Sample	2	044_3_A_AH	26030236	181426.855517401	325139.049003681	585417.994972241	7949471.78496
Sample	2	044_3_A_3-6	26030237	1588474.65500808	4590168.29411707	1061833.17122482	17553759.3269275
Sample	2	044_3_A_0-3	26030238	2653559.13832176	3908517.14990807	593237.595691726	6240418.32968676
QC	2	QC2g	26030239	196586.557411042	568635.720511077	157616.876686487	2544483.12067205
Sample	2	079_3_B_AH	26030240	72280.1479678736	116914.321628131	231068.686143803	4782619.92713985
Sample	2	079_3_B_3-6	26030241	5219.48220977281	7535.67478959442	17272.7775944802	173250.123134956
Sample	2	079_3_B_BL	26030242	70925.1225561058	111642.965073503	209032.073842378	3149478.45465951
Sample	2	079_3_B_0-3	26030243	5618.4678527507	6912.93012433076	16897.9117947796	215521.859312138
Sample	2	210_3_A_AH	26030244	38593.502796599	64542.2728509663	102857.184775775	3173180.0873517
QC	2	QC2h	26030245	188312.116369991	485865.994741644	150174.419832955	2389341.98499317
Sample	2	210_3_A_BL	26030246	56468.4983456452	144391.737275663	172780.643130034	4491800.11474482
Sample	2	210_3_A_0-3	26030247	225348.281591571	271545.365172935	70042.1543681054	1314700.41944619
Sample	2	210_3_A_3-6	26030248	7614.09037918966	134925.657438204	60120.6946286816	1288200.46058324
Std	2	Std_0_2	26030250	181961.589706032	457732.462931222	147933.428991619	2391401.81560564
Std	2	Std_1_2	26030251	390459.173162185	717032.374498768	182484.851115013	4327846.11486317
Std	2	Std_2_2	26030252	518093.487927665	949849.562930823	231248.807708656	5852564.30127911
Std	2	Std_3_2	26030253	616833.249623966	1247230.15128968	266852.344063943	7046916.79849193
Std	2	Std_4_2	26030254	908003.283932041	1563356.91757467	314350.538449073	9709647.47825622
Std	2	Std_5_2	26030255	1234015.28425196	1909588.98081108	376294.471977944	12715903.5548676
QC	2	QC2i	26030256	184289.556517629	469526.992758257	148705.414935593	2350288.37845622
QC	3	QC3a	26030301	204180.575937154	571384.814053995	166180.112648848	2627146.80121297
Std	3	Std_0_1	26030302	197005.888857054	535090.938040049	163337.563710168	2543470.31968421
Std	3	Std_1_1	26030303	405794.406740588	760431.341942036	194025.753464035	4445937.69591411
Std	3	Std_2_1	26030304	500361.577691712	906296.502945371	226917.597783927	5608964.10565981
Std	3	Std_3_1	26030305	599409.992516615	1189629.61751341	261422.432066598	6903833.6142488
Std	3	Std_4_1	26030306	911254.767401996	1585189.48024641	311869.67611465	9830248.51879111
Std	3	Std_5_1	26030307	1238723.93577999	2074278.78977732	385140.68605639	12903751.1786085
QC	3	QC3b	26030308	203507.98592625	557225.322066017	164032.603019881	2606724.77357066
QC	3	QC3c	26030314	199367.797390784	504643.909820435	160600.813135067	2576216.82483219
Sample	3	072_1_A_0-3	26030315	1265701.83088498	114026.097315723	247867.656594889	2243864.71223649
Sample	3	072_1_A_BL	26030316	38503.1374755033	93694.1053166925	141356.138663415	1723195.94161998
Sample	3	072_1_A_AH	26030317	20818.6979123856	35667.3579331533	77386.9800587064	1318643.01439022
Sample	3	072_1_A_3-6	26030318	123739.1524693	124784.579120959	775097.459753882	11332509.8304548
Sample	3	150_3_A_AH	26030319	201139.785469036	380482.866000623	451576.177189484	9158560.0264644
QC	3	QC3d	26030320	197596.993164279	505788.393858819	160812.879268807	2516268.02370253
Sample	3	150_3_A_0-3	26030321	228024.284089189	427431.272610201	69045.8478185344	978106.623652211
Sample	3	150_3_A_3-6	26030323	19529.117743977	680128.944483128	107190.784672388	1794690.63901612
Sample	3	171_3_A_BL	26030324	153872.402552544	182619.447802427	408194.999162267	26106238.0696945
Sample	3	171_3_A_0-3	26030325	537919.806731739	958571.033065128	236809.869814948	7694224.12992562
QC	3	QC3e	26030326	204485.73558494	535957.639894333	162881.12922776	2578190.62931
Sample	3	171_3_A_AH	26030327	184792.105703242	194585.409895232	513362.041015529	26701917.1221314
Sample	3	171_3_A_3-6	26030328	16909.5752913404	587182.564736315	130322.514461243	3574907.8343093
Sample	3	180_3_A_AH	26030329	26283.5558202356	45409.2065832656	88400.7446937427	837968.52300352
Sample	3	180_3_A_0-3	26030330	158805.646940503	237414.097093741	61927.6924093835	891223.135636815
Sample	3	180_3_A_BL	26030331	27318.8283717965	58270.603824174	95340.5475392126	730028.048966427
QC	3	QC3f	26030332	194918.100152888	535938.291907583	159190.630899318	2508542.58286914
Sample	3	180_3_A_3-6	26030333	4854.48859595978	162067.382340524	37611.2444031738	665588.61298211
Sample	3	029_2_A_BL	26030334	87440.5042770615	148026.7679741	237829.116234378	2541350.72187996
Sample	3	029_2_A_0-3	26030335	181021.346237221	407281.047852919	45798.2329256848	607272.498934058
Sample	3	029_2_A_3-6	26030336	20067.9429849411	356275.020751562	77980.1873034359	1258951.81417666
Sample	3	029_2_A_AH	26030337	34255.492418736	51647.9835572961	98795.0039739317	1422742.56462443
QC	3	QC3g	26030338	194215.294642434	492377.591629736	157552.297235341	2498869.38408829
Sample	3	172_3_A_0-3	26030339	67809.1439721195	1118880.74634498	126423.273711741	1373281.7410655
Sample	3	172_3_A_3-6	26030340	5297.05699944333	490480.412981971	79365.8645313251	1230895.90113982
Sample	3	172_3_A_AH	26030341	60671.9850822266	148375.922543419	213843.553574318	3042856.01290539
Sample	3	172_3_A_BL	26030342	78013.1534220988	219629.991240703	297638.504315972	3356069.69777879
Sample	3	106_1_A_BL	26030343	42055.8284039849	69746.0818742947	140851.625601146	1606053.79724141
QC	3	QC3h	26030344	194347.912754506	525376.876185918	157217.389162853	2472152.66392433
Sample	3	106_1_A_0-3	26030345	273600.858406706	60750.8286890028	132007.008812486	1801177.6067008
Sample	3	106_1_A_3-6	26030346	19403.9763364756	85955.8045984969	304768.976539154	5799630.3073387
Sample	3	106_1_A_AH	26030347	31573.1710805215	47979.3521479002	102054.310018792	1558679.3659284
Std	3	Std_0_2	26030349	192165.304855411	521985.666710485	155880.88959679	2529085.42128577
Std	3	Std_1_2	26030350	393765.563416218	740394.278466335	183935.634576945	4294094.25475542
Std	3	Std_2_2	26030351	496911.798338367	858634.450915803	218956.710484171	5523684.89578219
Std	3	Std_3_2	26030352	557563.740803421	1090018.40124957	245634.873946007	6446440.43224688
Std	3	Std_4_2	26030353	885425.239778545	1571363.74548831	298348.221538819	9472297.54878094
Std	3	Std_5_2	26030354	1222259.85792525	2054533.89564957	361746.990764629	12719626.1576993
QC	3	QC3i	26030355	191797.363433227	521117.303087309	153443.990991739	2442522.54972482
QC	4	QC4a	26030902	189203.152411229	513449.505022933	151342.405127934	2450061.64450064
Std	4	Std_0_1	26030903	194815.804455164	529292.983924014	154654.84890115	2543656.80164781
Std	4	Std_1_1	26030904	411263.135549482	762816.829402274	191648.641655616	4525441.79190839
Std	4	Std_2_1	26030905	501555.837193027	945737.926899565	221424.651353682	5751952.23038121
Std	4	Std_3_1	26030906	564672.45211286	1072923.16418891	243393.799518861	6610391.8090253
Std	4	Std_4_1	26030907	888813.398624841	1594052.83163425	301846.145287364	9841915.95602496
Std	4	Std_5_1	26030908	1225213.08491842	1950420.91766987	355876.59985537	12982610.9107256
QC	4	QC4b	26030909	187719.928761688	486372.452190936	150835.824270428	2462844.9777025
QC	4	QC4c	26030915	191323.980698619	493802.140129125	151882.005006773	2492170.20563594
Sample	4	120_3_A_3-6	26030916	141178.151902961	935938.281176053	393642.01887538	8976429.18098019
Sample	4	120_3_A_0-3	26030917	278223.419493358	251421.684944044	85793.5839528617	1055534.99916857
Sample	4	120_3_A_AH	26030918	35209.0809019954	47297.8659310656	135996.370122848	827898.62164035
Sample	4	120_3_A_BL	26030919	51802.0631225255	90989.9619381698	221538.834126504	1256464.7281894
Sample	4	077_2_A_3-6	26030920	103255.742321883	1373955.46224677	389666.87460642	6749687.31521099
QC	4	QC4d	26030921	190126.162328571	488754.404264969	150329.92165279	2465313.3130588
Sample	4	077_2_A_AH	26030923	117460.305089637	527882.439564021	496045.865557761	6159400.4241715
Sample	4	077_2_A_0-3	26030924	267727.194886654	245473.761375462	63341.7462251452	784700.346409844
Sample	4	099_3_A_3-6	26030925	6738.86964779581	263329.022761887	72250.0023781223	1474964.77761167
Sample	4	099_3_A_BL	26030926	78104.1720645438	176742.906675073	284853.924322581	2449668.21665523
QC	4	QC4e	26030927	190454.273412928	488636.688619247	149901.12463352	2426006.61579751
Sample	4	099_3_A_AH	26030928	26070.9540343908	53577.0669473084	102880.121518496	1063633.55409534
Sample	4	099_3_A_0-3	26030929	155008.078304193	623800.040375214	153453.944554302	2130524.43397657
Sample	4	159_3_A_BL	26030930	72758.34437425	180838.690850349	234260.078706018	5220674.19636441
Sample	4	159_3_A_0-3	26030931	179984.727306529	218375.244955613	50343.6291206154	666343.591644455
Sample	4	159_3_A_3-6	26030932	14659.4800153925	430546.795475827	99309.9828013189	1468079.55351036
QC	4	QC4f	26030933	187150.515532099	504550.134815973	150575.818402994	2402988.48527453
Sample	4	159_3_A_AH	26030934	62084.9627689087	121397.642106118	175656.6290433	5336397.60371865
Sample	4	225_3_A_3-6	26030935	21592.7601268071	2825464.55410768	92101.0448790614	1623633.67363427
Sample	4	225_3_A_0-3	26030936	233787.189944982	394552.312007876	104452.342169984	1588910.35902941
Sample	4	225_3_A_BL	26030937	16932.8935671252	29718.9596873269	56791.5094208632	967211.11023488
QC	4	QC4g	26030938	185250.689685692	483157.813170144	146924.713502796	2396531.55966914
Sample	4	049_1_A_BL	26030943	106712.413049001	130918.169061943	292761.219671676	5353827.90835197
QC	4	QC4h	26030944	189238.77289301	490134.533567784	147901.093455476	2427020.86558269
Sample	4	049_1_A_AH	26030945	436408.231785442	270974.233649998	558932.791851511	14234340.504827
Sample	4	049_1_A_0-3	26030946	1267217.6545884	195257.228475905	47739.9780470177	646818.761815996
Sample	4	049_1_A_3-6	26030947	64908.1440199428	184981.975385942	149537.83179479	3069372.40547173
Std	4	Std_0_2	26030949	186277.763586824	478585.164238024	147372.660198435	2399702.80588431
Std	4	Std_1_2	26030950	355762.046322599	620940.457532802	161067.68732604	3953130.02635109
Std	4	Std_2_2	26030951	498832.166656887	978972.599166199	217476.70106378	5763079.8709043
Std	4	Std_3_2	26030952	534101.455943225	1072161.37556691	271874.135499117	6340605.98501603
Std	4	Std_4_2	26030953	934721.32998362	1635033.57179809	302606.553924572	10054372.4187441
Std	4	Std_5_2	26030954	1206946.46513728	1922741.00461734	353620.415408976	12637902.1084317
QC	4	QC4i	26030955	192308.18021759	527407.604475826	149696.743373935	2473095.01263189
QC	5	QC5a	26031001	184846.359958508	187604.082566277	148400.680366311	2367318.95173053
Std	5	Std_0_1	26031002	193082.173988269	196379.549843592	151491.469378188	2455744.32745544
Std	5	Std_1_1	26031003	378433.391492366	317630.624799907	166978.133197888	4161324.74423716
Std	5	Std_2_1	26031004	469633.97658235	397952.180010518	206136.494816208	5276354.90630689
Std	5	Std_3_1	26031005	553028.672565684	509332.810517969	222640.747138421	6556061.9842298
Std	5	Std_4_1	26031006	852698.437759504	693999.752649531	271151.324051766	9235120.52724772
Std	5	Std_5_1	26031007	1207765.36115618	943820.885925235	348092.96733704	12499513.6775571
QC	5	QC5b	26031008	191332.687162296	213271.105698078	150329.171185837	2459739.56723853
QC	5	QC5c	26031014	186950.790398591	182705.823335613	148409.136596702	2418276.74971279
QC	5	QC5d	26031020	190305.528768717	199399.381745527	150135.747664257	2413127.06701855
Sample	5	130_3_A_BL	26031024	106318.627869668	49664.2874785144	229857.215350335	8836864.71114194
Sample	5	130_3_A_0-3	26031025	365106.505898689	490829.030916428	134424.162529487	3456511.67498983
QC	5	QC5e	26031026	331106.608405389	571100.596053036	224839.645487484	4134924.33098581
Sample	5	130_3_A_3-6	26031027	37975.7421487295	1039044.67889524	232840.827319074	5432634.5591084
Sample	5	130_3_A_AH	26031028	346007.973537352	120375.568714519	876231.034554147	26596824.1585376
Sample	5	110_3_A_3-6	26031029	9473.39888195526	91864.2423162385	84617.1804563444	1915819.54403684
Sample	5	110_3_A_AH	26031030	130764.669171745	46387.8495824997	301267.176755954	4000994.77401262
Sample	5	110_3_A_BL	26031031	141182.750839325	55342.3863795608	300315.271967673	3697705.30672013
QC	5	QC5f	26031032	334938.115508839	565566.001841224	221785.541454854	4063531.08618262
Sample	5	110_3_A_0-3	26031033	256529.820810933	150806.056336231	87005.0984680434	1359881.48112854
QC	5	QC5g	26031038	273522.083525522	443262.273045192	193656.929246238	3417917.53882772
Sample	5	136_3_A_AH	26031042	118918.076505628	67052.1458159475	270791.488381989	3389859.54143779
QC	5	QC5h	26031043	257519.525746188	414822.801118078	183621.026002004	3251099.45301092
Sample	5	136_3_A_0-3	26031044	314664.17700749	86014.2728777457	38133.0690967816	371173.747858894
Sample	5	136_3_A_3-6	26031045	36697.0675720366	1000122.32357089	265952.863722032	5359503.06452588
Sample	5	136_3_A_BL	26031046	30774.0973555188	22444.114969658	84213.0859346039	855041.494195271
Std	5	Std_0_2	26031048	249865.16137335	412860.411597872	185768.343351983	3229918.47688049
Std	5	Std_1_2	26031049	583477.436202595	669888.279644222	238352.172016355	6343034.1443613
Std	5	Std_2_2	26031050	660873.749848186	704697.191887785	260544.608048054	7420439.54700857
Std	5	Std_3_2	26031051	770868.858541807	846973.460011414	289104.117559779	9163153.670156
Std	5	Std_4_2	26031052	1185545.08208208	1108093.19752649	405590.716499787	13397763.3507023
Std	5	Std_5_2	26031053	1462610.14315627	1181718.39279874	471014.353008612	16190678.0523658
QC	5	QC5i	26031054	273387.101937826	430722.125039318	192799.744106393	3435126.3812671
QC	6	QC6a	26031601	262272.851255589	436329.137435475	188502.373553222	3265561.64325738
Std	6	Std_0_1	26031602	256187.909983181	394617.107119158	184008.006370434	3223935.53968145
Std	6	Std_1_1	26031603	591120.330661942	650215.009155268	248844.087875841	6073817.37933672
Std	6	Std_2_1	26031604	746798.045724867	776190.067258848	305309.311996922	8052125.49523604
Std	6	Std_3_1	26031605	710542.227164348	789323.454810151	287440.050753752	8016659.86513222
Std	6	Std_4_1	26031606	1204509.20529859	1077673.783305	444639.250951973	13136414.5761201
Std	6	Std_5_1	26031607	1490432.42140538	1214317.05259372	515862.154243559	16320119.3145744
QC	6	QC6b	26031608	259814.394515464	403742.518486993	185612.815876171	3266481.97048591
Sample	6	081_2_A_0-3	26031610	159477.450127003	176830.319464991	80017.9257076382	1410879.05496236
Sample	6	081_2_A_3-6	26031611	9232.7502296299	196961.238625748	64160.0803689966	1495916.17938969
Sample	6	081_2_A_AH	26031612	53348.4669202992	13700.145853518	211516.814475142	1136719.163188
Sample	6	081_2_A_BL	26031613	81372.120122839	22670.4186099811	37719.1364834642	205116.912240214
QC	6	QC6c	26031614	260561.271542838	423563.158738615	188433.683112472	3273515.46531111
Sample	6	219_3_A_AH	26031615	100253.414653046	59534.3563620975	297877.188475742	5546726.83072338
Sample	6	219_3_A_0-3	26031616	244743.25195312	299628.143567456	52932.3790092218	943252.140800446
Sample	6	219_3_A_3-6	26031617	28404.4762945469	863498.947487225	163992.512367775	4117132.54256746
Sample	6	219_3_A_BL	26031618	35835.7304408427	36344.9368482507	104989.534161711	1452579.9640583
Sample	6	016_2_A_0-3	26031619	132431.273515546	156202.334454623	43426.0314598431	476167.499299489
QC	6	QC6d	26031620	263669.448993528	426920.041823568	189872.667110704	3316964.65571477
Sample	6	016_2_A_AH	26031621	51400.8959844596	30885.028293659	95336.7234179965	1562092.91213266
Sample	6	016_2_A_3-6	26031622	139676.198054211	933438.515222072	293538.015661776	4138926.32684739
Sample	6	016_2_A_BL	26031623	70121.685340648	46663.3946787539	125026.648032226	1581366.24928428
Sample	6	178_3_B_3-6	26031624	12967.6577921693	10051.9183346104	52165.0204252929	247473.261571619
Sample	6	178_3_B_0-3	26031625	4497.94126518006	2644.07869594604	18247.1967995826	100565.684015738
QC	6	QC6e	26031626	275225.061595534	448378.513855506	192768.93428488	3367607.20561565
Sample	6	178_3_B_BL	26031627	49384.2646074145	33309.1010703343	152871.080489078	956805.245916725
Sample	6	178_3_B_AH	26031628	204645.481732167	102704.598414327	566807.293133549	4547847.00787374
Sample	6	196_3_A_BL	26031629	17310.047026557	14825.8866549193	80358.5605364483	846031.516714334
Sample	6	196_3_A_3-6	26031630	87739.1014058593	1396076.11082438	202489.863612787	4468158.35177877
Sample	6	196_3_A_AH	26031631	135900.798167704	67302.1374947775	430787.636589398	8983262.96181523
QC	6	QC6f	26031632	277235.531997794	458360.148335343	193643.709030607	3376485.21029106
Sample	6	196_3_A_0-3	26031633	809524.235958427	216933.127539441	81109.0856387362	956768.545710504
Sample	6	161_3_A_AH	26031634	40259.646808455	40960.6000360358	156188.818606596	1174891.56057827
Sample	6	161_3_A_BL	26031635	12757.2571626822	11672.7324406437	45849.1601953731	348948.640479882
Sample	6	161_3_A_0-3	26031636	148101.623318372	149200.255364393	40967.1523829065	644583.114229103
Sample	6	161_3_A_3-6	26031637	16486.968423522	500872.286572258	78041.6912383114	1852302.73816128
QC	6	QC6g	26031638	274440.108750359	433641.72933471	192780.274835368	3357872.85364179
Sample	6	046_1_B_3-6	26031639	20747.8151530781	18709.6399439719	65957.3628057392	618307.798640138
Sample	6	046_1_B_BL	26031640	64443.7244202443	46739.3978569796	150904.861177778	2150333.3916599
Sample	6	046_1_B_0-3	26031641	17282.3899838301	15934.2084960174	54619.0623266477	632291.173888078
Sample	6	046_1_B_AH	26031642	38717.7507412584	27495.6250036101	105739.443844073	2043760.7832826
Sample	6	175_3_A_0-3	26031643	375387.355640394	368090.767550197	107093.636101413	1645741.76957647
QC	6	QC6h	26031644	262354.927136915	425219.456855807	184792.145773551	3151292.40114196
Sample	6	175_3_A_3-6	26031645	335308.09418981	1443011.11390737	1146178.24554514	21671629.686292
Sample	6	175_3_A_AH	26031646	199356.05317793	834301.310713101	545422.086719284	7850841.061748
Sample	6	175_3_A_BL	26031647	106615.646255968	676433.85827724	259368.129657026	3315677.17931532
Std	6	Std_0_2	26031649	261756.463705653	433172.611708549	185442.628421137	3294469.16240386
Std	6	Std_1_2	26031650	587283.864075582	650255.701676979	244290.901031788	6103754.91699246
Std	6	Std_2_2	26031651	721628.73194455	765397.046472999	283589.222578548	7713087.16576413
Std	6	Std_3_2	26031652	732148.204192315	843959.214584602	297572.013783786	8256542.33496541
Std	6	Std_4_2	26031653	1195030.90137303	1082961.71904111	426028.117412779	12701555.4455412
Std	6	Std_5_2	26031654	1452215.05170141	1208121.26012801	485701.35328577	15551393.8611834
QC	6	QC6i	26031655	256388.409695552	410861.715669536	183498.315146164	3199244.80509706
QC	7	QC7a	26031801	226430.520115558	357634.786538807	161935.078065427	2851144.05996817
Std	7	Std_0_1	26031802	248727.193614894	409320.549699909	174157.785364432	3052440.31397667
Std	7	Std_1_1	26031803	638287.102555386	669334.238589481	259083.594919464	6491927.3099443
Std	7	Std_2_1	26031804	702619.210617859	720086.696266057	275870.069840261	7481811.47086426
Std	7	Std_3_1	26031805	687497.178169141	779505.364981646	265141.492582154	7748509.67614454
Std	7	Std_4_1	26031806	1135801.95652346	1015784.58511373	387391.935002119	12088309.7726126
Std	7	Std_5_1	26031807	1465493.74443382	1211414.36395878	470544.473987819	15843642.3905589
QC	7	QC7b	26031808	247888.733612141	390017.22399109	171206.000962715	3038512.39373645
Sample	7	064_2_A_0-3	26031810	84449.4436190239	216606.169377551	48056.932663083	1125417.38205735
Sample	7	064_2_A_BL	26031811	152435.748168582	94306.8461751927	370862.454927829	11900335.6679814
Sample	7	064_2_A_3-6	26031812	48468.9757209991	1099124.16608283	255756.564130476	5207520.2757913
Sample	7	064_2_A_AH	26031813	122922.962345117	64133.9390155907	298796.901547253	13212381.7594187
QC	7	QC7c	26031814	244872.447938341	386077.872781733	171931.545145293	3030447.67486925
Sample	7	163_3_A_3-6	26031815	7451.35708457119	332967.93075172	93628.1939422173	1517671.03182035
Sample	7	163_3_A_BL	26031816	186155.757271462	145964.29256744	583381.493599053	4394741.61328791
Sample	7	163_3_A_AH	26031817	49997.7161364462	27821.0967020835	157345.857719105	1582582.43286798
Sample	7	163_3_A_0-3	26031818	155259.724860405	257072.77828729	113916.893258647	1340032.85160866
Sample	7	193_3_A_3-6	26031819	7176.923251446	197210.8007066	50112.0680742563	855562.728393647
QC	7	QC7d	26031820	216542.563999343	313256.380584859	156468.237246692	2762541.48425046
Sample	7	193_3_A_BL	26031821	89126.208312228	45729.4232782896	261785.319141103	3390002.62172923
Sample	7	193_3_A_0-3	26031823	142206.538661621	249821.951222873	60334.733496341	903855.484149618
Sample	7	086_3_A_AH	26031824	53030.9917958582	22253.862360799	145959.188125464	2332428.40617478
Sample	7	086_3_A_0-3	26031825	418950.816564271	192813.995949003	79334.0114168373	1224835.25693445
QC	7	QC7e	26031826	276687.427850281	435044.943341526	189463.278424533	3387543.33621081
Sample	7	086_3_A_3-6	26031827	43209.0765496404	388922.467633605	240358.605466362	5878143.42515518
Sample	7	086_3_A_BL	26031828	89912.5606289924	45152.8155498952	218295.377515095	2886943.22979593
Sample	7	074_3_A_AH	26031829	39696.8059887064	19829.2060080746	110182.879869546	2886885.46709853
Sample	7	074_3_A_0-3	26031830	146712.298659974	92973.938273985	14892.7767854447	199398.062959464
Sample	7	074_3_A_BL	26031831	8544.38863875023	6804.62044339537	35089.4792849972	592862.107244229
QC	7	QC7f	26031832	268968.970637168	435578.333164247	185280.50209489	3247205.51166358
Sample	7	074_3_A_3-6	26031833	89029.132239456	361523.427208878	92104.6876355729	1694918.27677998
Sample	7	040_2_A_BL	26031834	66032.1971677255	42466.9733335088	212378.599600701	2208539.14731047
Sample	7	040_2_A_0-3	26031835	615273.822480481	327194.091883322	190122.537362458	2431306.59707927
Sample	7	040_2_A_AH	26031836	38087.2876179087	17991.9842568406	138797.401884866	2136143.56387978
Sample	7	040_2_A_3-6	26031837	13865.488920045	465068.101244967	135522.430295789	2719112.0426602
QC	7	QC7g	26031838	277313.081625947	446963.239050082	188254.410296461	3359581.67602285
Sample	7	008_1_A_0-3	26031839	2476014.23927809	121488.002491398	176050.959406827	1467414.74197489
Sample	7	008_1_A_3-6	26031840	330690.724158892	497433.128734984	1785619.08146174	25882630.4678535
Sample	7	008_1_A_BL	26031841	192618.03498257	107641.758718693	442430.200702633	3193462.94758396
Sample	7	008_1_A_AH	26031842	205862.88292383	106932.307796766	575473.686175779	4408322.76504353
Sample	7	216_1_B_AH	26031843	211107.11942448	121705.999044171	639736.273040253	8160652.79424897
QC	7	QC7h	26031844	263033.080276828	437268.288603812	182166.711293664	3244721.7928932
Sample	7	216_1_B_BL	26031845	161686.14984279	136076.043944501	520010.366642233	4561822.63708962
Sample	7	216_1_B_0-3	26031846	8028.98902517607	7708.85802980265	34968.5796823506	289062.049151919
Sample	7	216_1_B_3-6	26031847	30618.3915671696	23099.793492564	109446.009128697	692826.315953155
Std	7	Std_0_2	26031849	272098.664896721	435071.291759142	186403.856868332	3261066.22353531
Std	7	Std_1_2	26031850	672318.851946205	697641.373470694	271952.573750357	6938367.04106027
Std	7	Std_2_2	26031851	775265.92938064	778389.452511687	311493.155130554	8339138.07951267
Std	7	Std_3_2	26031852	806197.977414084	850239.6329971	314753.342898534	9077350.14352817
Std	7	Std_4_2	26031853	1230940.99662303	1034828.99814014	451571.839442506	13419588.8006103
Std	7	Std_5_2	26031854	1515028.79114315	1194114.29535203	541169.757638685	16766621.1729421
QC	7	QC7i	26031855	273061.426250308	421588.335657164	183510.886124472	3283945.4000162
QC	8	QC8a	26032301	278767.161413363	446821.718050036	187778.709330821	3440542.05012902
Std	8	Std_0_1	26032302	275282.314552366	448787.185062887	187927.345893832	3451860.69391438
Std	8	Std_1_1	26032303	671219.60770386	711942.447391043	267284.542438398	6914929.0436967
Std	8	Std_2_1	26032304	801828.818597955	786737.964176511	316670.594526835	8772534.51736113
Std	8	Std_3_1	26032305	605180.11210409	684151.382376324	203268.270937041	7267479.70069871
Std	8	Std_4_1	26032306	1228469.41394226	1049044.4378986	430006.233010488	13542608.0178575
Std	8	Std_5_1	26032307	1516615.47365574	1194461.72052433	540626.768001712	17087096.4564546
QC	8	QC8b	26032308	280748.075376074	443166.404513626	190788.141382546	3532990.22337011
Sample	8	103_3_A_AH	26032310	69394.0737100245	37555.5260288676	164479.866548577	2841494.93935868
Sample	8	103_3_A_0-3	26032311	69995.6779159739	145448.061483921	56341.0843502415	966573.592754682
Sample	8	103_3_A_BL	26032312	132512.351445477	114479.243409681	407734.359772033	3799060.30324922
Sample	8	103_3_A_3-6	26032313	5715.63317163886	280526.799154604	49546.6287635542	994437.107303114
QC	8	QC8c	26032314	268931.406927117	434697.430551996	183723.131068173	3348763.08165673
Sample	8	091_1_A_3-6	26032315	136334.441269104	180139.421880748	869408.98371633	15060933.1266729
Sample	8	091_1_A_0-3	26032316	1437192.42230637	68815.2308911417	199427.839042781	2053458.98047133
Sample	8	091_1_A_AH	26032317	106175.7704539	60426.2644467139	288584.589151278	6851809.89827698
Sample	8	091_1_A_BL	26032318	175143.39518923	165518.712873101	465101.615737733	6782986.28621896
Sample	8	129_3_A_0-3	26032319	346735.770214121	445749.997632216	75055.8663934627	1162682.24183462
QC	8	QC8d	26032320	272277.111689453	436075.797063023	185653.602876719	3378374.81013296
Sample	8	129_3_A_BL	26032321	31286.514123075	16199.3940992925	100362.796982532	1521134.69123028
Sample	8	129_3_A_3-6	26032322	67935.2464080629	1151301.74277148	320159.591557477	6814461.71179978
Sample	8	129_3_A_AH	26032323	26219.5521852501	10111.318314075	69336.9977109029	2086858.22503795
Sample	8	012_1_A_0-3	26032324	199012.230985949	8640.33658984494	13958.9616959958	211172.746413546
Sample	8	012_1_A_AH	26032325	73512.8079071563	53927.2614217674	182190.330813793	6508712.23614705
QC	8	QC8e	26032326	270793.283416319	424877.308828495	183086.231878071	3375932.38669607
Sample	8	012_1_A_BL	26032327	159758.050155537	295003.199051546	408546.21095108	8586833.32869192
Sample	8	012_1_A_3-6	26032328	597400.16217005	73126.6198236621	344326.246444583	6938212.57157609
Sample	8	034_2_B_3-6	26032329	9384.56212096998	7128.71733037496	38521.2234997202	409436.844169887
Sample	8	034_2_B_AH	26032330	96778.622754394	42073.1898355639	219623.195993989	13544289.0576643
Sample	8	034_2_B_0-3	26032331	4636.7178225247	3110.22839581522	19079.7223264472	262487.135078766
QC	8	QC8f	26032332	270854.021496887	428808.236197005	183320.152531157	3404301.31323904
Sample	8	034_2_B_BL	26032333	40631.0259802296	28139.8475367114	122182.170350301	3096239.32189457
Sample	8	134_3_A_0-3	26032334	1386513.45894442	1058975.39938286	344711.346006051	3809161.20891416
Sample	8	134_3_A_3-6	26032335	40399.8941005942	930924.540218702	237481.826732491	3424739.55236208
Sample	8	134_3_A_AH	26032336	175235.889229546	132338.955275988	300480.509024479	6819416.66207916
Sample	8	134_3_A_BL	26032337	304947.014292265	255744.896245822	638183.825420458	7454801.177829
QC	8	QC8g	26032338	269379.102882513	423760.013302635	184597.438921055	3375873.57762045
Sample	8	140_2_B_3-6	26032339	2712.2852588694	1702.87298012941	10826.2848418046	110414.243586804
Sample	8	140_2_B_0-3	26032340	6099.50895668002	4719.14389552904	24542.9985468539	323864.174145951
Sample	8	140_2_B_BL	26032341	20577.539575512	12390.9840522949	64060.4748883023	923646.335517723
Sample	8	140_2_B_AH	26032342	99902.1124824395	35597.9598508247	225430.067036684	4236378.51387422
Sample	8	017_3_A_3-6	26032343	94882.101542008	770092.316591217	211741.420254632	3585572.5193362
QC	8	QC8h	26032344	270105.133613268	438458.384006135	185195.173543326	3388442.75723574
Sample	8	017_3_A_AH	26032345	660233.019060576	85875.0751874635	389326.191727729	5860978.8377734
Sample	8	017_3_A_BL	26032346	577487.447751193	115139.90816359	474735.723501044	5790188.52813891
Sample	8	017_3_A_0-3	26032347	680133.588928689	535112.256725565	190441.609973131	2142952.67415459
Std	8	Std_0_2	26032349	266667.680897063	426488.987315724	180935.300419829	3323212.54224569
Std	8	Std_1_2	26032350	646452.789683792	670987.304957691	255306.667300511	6907405.44095252
Std	8	Std_2_2	26032351	793222.8830938	780969.45412385	310626.425661342	8997420.59283372
Std	8	Std_3_2	26032352	790578.317630615	839481.955988479	307865.119509674	9136480.42213622
Std	8	Std_4_2	26032353	1163320.33547685	989689.719850446	389301.793890987	12898749.2172804
Std	8	Std_5_2	26032354	1463627.961055	1145272.259565	483178.312820977	16425240.7941279
QC	8	QC8i	26032355	272516.894056703	423499.21541792	184602.326484425	3471483.14175852
QC	9	QC9a	26032401	291470.25663377	448103.071116463	195794.20688014	3547285.10782516
Std	9	Std_0_1	26032402	292520.939305969	442319.465595625	195839.349520665	3528253.09385451
Std	9	Std_1_1	26032403	662476.177410126	680637.179894685	260142.307259711	6747513.34924242
Std	9	Std_2_1	26032404	799374.417878665	757813.2000891	306773.991636231	8587154.8496333
Std	9	Std_3_1	26032405	754160.685874027	781393.778304083	278242.000264039	8671461.68213082
Std	9	Std_4_1	26032406	1178008.92624442	1005062.28380253	411275.151125613	12950514.7659693
Std	9	Std_5_1	26032407	1474229.17885397	1149882.20078198	476939.921181624	16329242.9986549
QC	9	QC9b	26032408	284509.092271566	422341.183298818	189555.275026423	3474739.53388158
Sample	9	078_2_A_0-3	26032410	228617.682854033	84827.901247162	46821.9815426428	698490.690226979
Sample	9	078_2_A_3-6	26032411	57917.7861585139	117496.760451452	127409.701275735	2692298.94784255
Sample	9	078_2_A_BL	26032412	51881.6712319695	35593.8108735646	129084.142040153	1947260.6380457
QC	9	QC9c	26032413	287147.206282356	433444.812523748	192398.66124681	3528244.97775804
Sample	9	115_2_A_BL	26032414	18756.7242802573	8421.64822680586	52147.4541089552	422705.098399406
Sample	9	115_2_A_AH	26032415	66294.4340108548	20326.4368748116	143409.294011018	1459233.76828797
Sample	9	115_2_A_3-6	26032416	9087.46348474667	130036.387036199	64896.595997933	1281912.17802069
Sample	9	115_2_A_0-3	26032417	48265.130254074	33946.1401136519	23258.3653016783	340574.94237617
Sample	9	177_3_A_BL	26032418	4564.02053017922	1387.35956752061	10520.6686466542	102321.050572267
QC	9	QC9d	26032419	272182.675542907	396272.238419178	186189.43860617	3380981.0784304
Sample	9	177_3_A_3-6	26032420	26326.0850106853	403769.016023024	34156.9196409676	555324.755707009
Sample	9	177_3_A_0-3	26032421	25930.4536791215	24839.9526949829	10830.6458074958	100008.095974615
Sample	9	031_1_A_AH	26032423	125487.028355374	68614.194862918	397230.3075053	4532620.91325461
Sample	9	031_1_A_0-3	26032424	519436.286969263	24366.8628189417	79582.8045753608	779861.533955768
QC	9	QC9e	26032425	277427.264565269	421287.669333511	187202.543916931	3459296.90012255
Sample	9	031_1_A_3-6	26032426	100216.164198816	209404.976816093	1069089.57760398	18367765.5292221
Sample	9	031_1_A_BL	26032427	127864.852177884	82336.1263840588	390997.120794218	3118267.01313443
Sample	9	100_3_A_3-6	26032428	21091.5741045693	930324.30743119	154854.971485428	3228512.88034279
Sample	9	100_3_A_0-3	26032429	307007.834336164	230662.669980167	88631.068176635	1481208.42642558
Sample	9	100_3_A_BL	26032430	102456.64107535	42709.4114748327	277231.673082097	3175312.81079412
QC	9	QC9f	26032431	286229.103039147	437685.347486689	188842.643494309	3465878.54778678
Sample	9	100_3_A_AH	26032432	270223.285524946	106396.080423748	849376.419487166	10405452.0394895
Sample	9	082_3_A_BL	26032433	198772.234676708	88341.8817272048	375502.894084716	3061509.24481863
Sample	9	082_3_A_0-3	26032434	211893.197104416	65455.5228528689	67475.229972976	881208.271140526
Sample	9	082_3_A_AH	26032435	107314.857505437	33181.3028660542	179704.9284615	2068833.76200517
Sample	9	082_3_A_3-6	26032436	44305.3676073565	199380.693764425	261559.658825406	5089663.17347249
QC	9	QC9g	26032437	265946.23976338	412534.707769435	182062.843004045	3323746.54901739
Sample	9	023_3_A_3-6	26032438	14880.363113338	270749.96071687	125158.854948293	2392619.59653306
Sample	9	023_3_A_AH	26032439	55738.9777792112	41259.9699101156	180219.159223629	2156590.17199387
Sample	9	023_3_A_BL	26032440	188669.398510853	133155.890510546	478237.062018585	4090121.8283019
Sample	9	023_3_A_0-3	26032441	1146165.44973595	1074491.21383706	457224.052954396	6110290.50163064
Sample	9	097_1_B_3-6	26032442	8254.25815083346	4893.72673998867	28066.6584707619	379416.893421721
QC	9	QC9h	26032443	290197.261798142	434903.175895154	189658.748248832	3475361.62648499
Sample	9	097_1_B_0-3	26032444	5966.27040798322	2874.04258164652	20475.6272025936	323977.896770035
Sample	9	097_1_B_BL	26032445	29722.2611486789	14293.7319098536	90167.9973960665	1674426.72860572
Sample	9	097_1_B_AH	26032446	24306.3982898994	10704.8832587866	73526.9126527888	1650297.13112425
Std	9	Std_0_2	26032448	263108.262777072	381265.687553412	182208.531649884	3288365.29735019
Std	9	Std_1_2	26032449	647291.131104532	629332.01800524	253832.525450863	6715545.2258593
Std	9	Std_2_2	26032450	777375.68407933	742188.47941323	297378.681602421	8585982.61130388
Std	9	Std_3_2	26032451	761906.339834915	793795.668049869	287673.280584481	8696779.6643266
Std	9	Std_4_2	26032452	1249555.8585438	1035610.68292379	436106.893763366	13930216.2958381
Std	9	Std_5_2	26032453	1479143.98617835	1149563.9034355	493420.86114294	16545568.9271695
QC	9	QC9i	26032454	269077.831317596	386606.744340058	182285.951540443	3331661.69039244
QC	10	QC10a	26033102	268468.767678255	367707.672521154	184738.266547579	3377852.12576329
Std	10	Std_0_1	26033103	282709.89290567	407675.921530299	193112.028565315	3503737.25095256
Std	10	Std_1_1	26033104	620900.003873616	605931.874820577	245304.746473102	6432077.33040537
Std	10	Std_2_1	26033105	683685.355905451	619222.339123968	248270.404839036	7481976.60439777
Std	10	Std_3_1	26033106	737460.546748819	750447.946569692	276243.394504844	8587345.76098802
Std	10	Std_4_1	26033107	1200976.72780883	981675.961858019	411824.224147225	13275622.0237686
Std	10	Std_5_1	26033108	1514764.37951513	1146641.18473425	504163.499961128	16800041.6048158
QC	10	QC10b	26033109	274672.31542913	389471.661814476	183422.466320784	3407717.76125237
Sample	10	058_3_A_BL	26033111	189628.659044361	120704.383976253	395698.658537071	6119831.82898764
Sample	10	058_3_A_3-6	26033112	18150.1711544145	508471.076783971	56731.0800462789	1029820.00366047
Sample	10	058_3_A_0-3	26033113	168044.954051347	567717.463311064	79151.0951446019	1223144.40679738
Sample	10	058_3_A_AH	26033114	112594.840992405	67185.101247217	264015.250463451	5164274.66768805
QC	10	QC10c	26033115	270164.417861375	402381.213558861	181753.208158206	3337935.0478783
Sample	10	083_2_A_3-6	26033116	125896.773843199	610686.456309602	172904.348715479	2850024.02669053
Sample	10	083_2_A_AH	26033117	135863.07451675	47950.8736110687	309402.77612978	3082946.93643584
Sample	10	083_2_A_BL	26033118	63942.2522813886	27125.5693233787	141316.000280647	1147193.56760154
Sample	10	083_2_A_0-3	26033119	1329760.36151076	299733.028404811	158582.085184498	1669130.75844553
Sample	10	052_1_A_0-3	26033120	1439474.83772154	31800.0855219728	131012.807298479	2211539.25345748
QC	10	QC10d	26033121	292065.602445931	427638.967785787	189394.384546641	3553106.04010871
Sample	10	052_1_A_AH	26033122	61828.7836578606	15201.0359760736	145327.678017007	2093646.39894202
Sample	10	052_1_A_BL	26033123	37903.0281868055	12171.6264439811	105326.010404389	1214666.55859625
Sample	10	052_1_A_3-6	26033124	15866.5213780937	20230.829717304	193447.626210772	5185538.07564279
Sample	10	089_2_A_3-6	26033125	970147.382298159	2089341.19927733	1737436.87033784	29379462.2554342
Sample	10	089_2_A_AH	26033126	133363.362187749	94782.8105680743	271399.080993891	2410574.16889352
QC	10	QC10e	26033127	287944.688465017	426478.177082109	184232.231931284	3421730.95581263
Sample	10	089_2_A_0-3	26033128	122580.188760497	66232.0257798525	24030.4980637098	249783.728260156
Sample	10	089_2_A_BL	26033129	38044.4166963127	30645.1348056942	101359.890728948	809600.667037328
Sample	10	109_3_A_BL	26033130	43744.6083353405	42247.0710544516	136128.03376961	1755740.18025554
Sample	10	109_3_A_0-3	26033131	230476.938301542	158429.38684177	47794.3363373339	699323.117594044
Sample	10	109_3_A_AH	26033132	17039.3798958861	11939.9972864838	67845.4329654474	1306010.5784858
QC	10	QC10f	26033133	271677.813385992	388574.974462369	181891.345184917	3342628.12538734
Sample	10	109_3_A_3-6	26033134	10212.534036819	340766.354423868	120085.960590815	2720411.23380191
Sample	10	087_3_B_0-3	26033135	4894.95374639026	2831.63806699488	20020.0063842494	157949.839633566
Sample	10	087_3_B_AH	26033136	93382.3956076952	45112.5740334469	226301.716455152	2597040.80997074
Sample	10	087_3_B_3-6	26033137	20466.5857674188	12779.2641254896	67352.2268620488	469677.76556421
Sample	10	087_3_B_BL	26033138	57993.3889089034	39222.5653759728	167889.618579433	1453429.74732404
QC	10	QC10g	26033139	285841.451531287	422318.880505228	186842.842852652	3452488.2704831
Sample	10	001_1_A_3-6	26033140	222650.22516714	46668.8937260771	180354.124375121	3804929.43909084
Sample	10	001_1_A_BL	26033141	33633.9294367999	16275.7257809608	103709.872909133	2396351.6399978
Sample	10	001_1_A_0-3	26033142	1027222.0403255	43377.1910655772	82053.0965264523	1308327.22367999
Sample	10	001_1_A_AH	26033143	89874.0219849692	29717.1634702157	243187.466003565	9777236.64353345
Sample	10	187_3_A_BL	26033144	22418.3926721632	15036.1255147681	49541.5860969328	7583836.27909159
QC	10	QC10h	26033145	283165.523141686	419357.830109537	187298.288809521	3455967.61862454
Sample	10	187_3_A_0-3	26033146	188731.216694718	327359.554889188	102819.563019501	6443386.25261543
Sample	10	187_3_A_AH	26033147	61915.3241780598	44987.0813189728	129425.777143106	19377181.4370893
Sample	10	187_3_A_3-6	26033148	27080.778915212	866942.124233359	203376.847313176	10483700.9324056
Std	10	Std_0_2	26033150	271079.714682522	400608.688465743	182040.039601941	3363489.68907021
Std	10	Std_1_2	26033151	672701.066878334	641117.473075709	259633.10382872	6947278.32414142
Std	10	Std_2_2	26033152	752875.069322388	700083.843125011	284210.392127806	8288038.30281868
Std	10	Std_3_2	26033153	754547.275756363	777654.091341342	285089.346422116	8683269.72698015
Std	10	Std_4_2	26033154	1208951.04227416	993227.851351187	417558.161308388	13561791.8911352
Std	10	Std_5_2	26033155	1529599.27778208	1138185.05535131	503967.839490179	16969997.1874636
QC	10	QC10i	26033156	268042.47247244	355850.098353121	179393.662538001	3351486.39247891
QC	11	QC11a	26040702	279420.659510208	329791.884783823	189832.508527187	3526846.76803017
Std	11	Std_0_1	26040703	283671.794108582	361250.842589749	191616.584479249	3634381.21457647
Std	11	Std_1_1	26040704	619053.994254193	521690.5452415	239055.722386546	6554954.2313539
Std	11	Std_2_1	26040705	785172.065419818	655672.867070275	293100.778279775	9077054.14811681
Std	11	Std_3_1	26040706	680850.014237509	659034.734967072	234090.512751556	8230350.20797399
Std	11	Std_4_1	26040707	1176650.36522666	833091.151083476	388851.275749599	13672002.5453798
Std	11	Std_5_1	26040708	1474807.83144637	1036820.66616527	466777.77069097	16636619.6318903
QC	11	QC11b	26040709	257723.194303705	307163.725554959	177218.556136276	3273204.6408049
Sample	11	197_1_A_BL	26040711	149471.916208624	117348.236243703	581802.988549045	3583579.41387025
Sample	11	197_1_A_AH	26040712	13005.237110325	8584.91578017285	55846.4875836589	485205.945162014
Sample	11	197_1_A_0-3	26040713	2226666.15965167	327179.014798159	367268.516996249	3524490.70141528
Sample	11	197_1_A_3-6	26040714	125107.638607116	317921.909339849	724365.619903408	12832020.9943711
QC	11	QC11c	26040715	284718.894165717	370955.956848093	187642.307988132	3560173.33336727
Sample	11	158_3_A_0-3	26040716	844940.195620444	205517.23328497	98846.8084397851	1766566.06581677
Sample	11	158_3_A_3-6	26040717	295505.702588579	848628.491593961	258994.739171149	5841920.12437642
Sample	11	158_3_A_AH	26040718	96802.8486069927	34496.4911272882	237109.374285297	8856872.83995728
Sample	11	158_3_A_BL	26040719	86447.3079770134	36749.652999044	214634.741077303	5825711.04848057
Sample	11	038_2_A_3-6	26040720	31904.4416433723	521236.103364587	142775.97208521	1859012.52750589
QC	11	QC11d	26040721	255080.370330358	297200.638440306	173697.076592825	3224626.96221695
Sample	11	038_2_A_BL	26040722	31247.5150661633	14764.4549301369	94798.5298661858	893945.386611101
Sample	11	038_2_A_0-3	26040723	194045.738028369	81532.8493669955	49761.2458876752	503418.673876189
Sample	11	038_2_A_AH	26040724	71448.5981897686	27420.8229972511	185952.228344872	2488374.5277707
Sample	11	011_2_A_3-6	26040725	51115.1598837744	480921.112309676	240062.97703544	4053765.43222048
Sample	11	011_2_A_AH	26040726	126033.726125481	37803.2211451421	225324.578270529	3874518.25806078
QC	11	QC11e	26040727	253031.304976009	303016.644737347	171197.05574238	3226580.88106219
Sample	11	011_2_A_BL	26040728	11062.801595163	3164.45547051312	24351.7541312729	218395.305592085
Sample	11	011_2_A_0-3	26040729	307353.336503935	47052.6033329733	43573.0416605658	527127.371864854
Sample	11	015_1_A_0-3	26040730	272725.600159353	14393.7563794185	19404.6091037907	190162.680559699
Sample	11	015_1_A_AH	26040731	38254.8376503211	16381.9489910084	105040.123529434	1248172.05209167
Sample	11	015_1_A_3-6	26040732	473653.651783897	56673.5394893299	122933.199316507	2126232.27589595
QC	11	QC11f	26040733	240805.32240278	268500.673952175	166593.858652402	3073555.4465331
Sample	11	015_1_A_BL	26040734	16119.2518293974	9417.95882292706	55710.9671373965	557007.41326605
Sample	11	042_3_A_BL	26040735	6525.2589562966	2719.14013105723	22846.3603141859	365580.781621114
Sample	11	042_3_A_0-3	26040736	137804.328838282	30105.7928695021	25227.7676334445	406033.103527433
Sample	11	042_3_A_AH	26040737	75465.9115514379	35952.2006280448	219823.415222428	4625248.70201535
Sample	11	042_3_A_3-6	26040738	44716.9359411271	189220.552714809	130484.423028502	3442901.63508122
QC	11	QC11g	26040739	238673.849360775	266050.139408281	167122.539173845	3097043.28311532
Sample	11	144_3_A_BL	26040740	72903.1272407295	35164.900300367	327319.985864178	6217010.87794963
Sample	11	144_3_A_0-3	26040741	37340.6216437271	160479.605711389	222926.04413745	3875392.20186492
Sample	11	144_3_A_3-6	26040742	55579.6476282786	1462816.09193746	804922.979794328	18083608.467698
Sample	11	168_3_A_0-3	26040744	230883.767215919	689097.669732357	696099.186132149	12624911.9471967
QC	11	QC11h	26040745	245327.874619081	224367.958558531	168870.17089776	3156413.71022846
Sample	11	168_3_A_3-6	26040746	652692.99510301	118701.647010131	92255.3028170765	1183083.0746349
Sample	11	168_3_A_AH	26040747	227899.868036315	118223.245365158	486248.035119425	8073280.45137839
Sample	11	168_3_A_BL	26040748	238216.714058659	134561.039749639	576063.330745385	6749268.82039797
Std	11	Std_0_2	26040750	234265.396518107	293698.241208287	163191.801820923	2984365.701433
Std	11	Std_1_2	26040751	552075.278923077	480493.286423973	216009.847395094	5942947.57015713
Std	11	Std_2_2	26040752	672566.292682193	568393.666299726	254328.872585868	7575908.12260026
Std	11	Std_3_2	26040753	577212.10013903	562972.71433594	200386.463321263	7031842.35661915
Std	11	Std_4_2	26040754	1088129.2255384	871073.922034024	351007.651360207	11964514.7198468
Std	11	Std_5_2	26040755	1431716.44581526	1050550.81990512	436315.337751019	15932204.8197516
QC	11	QC11i	26040756	231766.365009247	253045.713116231	160780.407994482	2918395.2276573
QC	12	QC12a	26041302	225044.859764745	229449.241485265	163941.554752618	2956539.43313776
Std	12	Std_0_1	26041303	231545.460005492	242132.654104013	165625.421244175	3000340.24021314
Std	12	Std_1_1	26041304	541424.002966181	441598.443047977	227699.66832258	5767031.69410708
Std	12	Std_2_1	26041305	666891.418741393	536457.789978124	268026.10828243	7318578.74714868
Std	12	Std_3_1	26041306	763451.89868024	680062.868082377	293591.058866322	8709584.99281848
Std	12	Std_4_1	26041307	1056888.27995792	787665.145696755	356047.837816571	11561240.3295535
Std	12	Std_5_1	26041308	1238340.02772809	869001.263471719	383353.793248337	13433765.8662901
QC	12	QC12b	26041309	237016.076038271	281944.304256342	164982.850768618	3061882.97191474
Sample	12	245_3_A_0-3	26041311	4090.85095176504	2128.8757684435	17708.6327694104	212067.244677557
Sample	12	245_3_A_BL	26041312	51845.8069919698	28278.7101249124	150684.608800963	2355915.51449527
Sample	12	245_3_A_3-6	26041313	5854.13004705636	3368.44975123968	24767.1435904115	263692.481999692
Sample	12	245_3_A_AH	26041314	96264.8199751178	38535.4991957395	267191.855904902	6655345.26443773
QC	12	QC12c	26041315	215995.591454635	226127.391730626	154217.799000986	2786885.57480342
Sample	12	118_1_A_BL	26041316	54365.9690032526	23637.1601352377	210075.251727123	1436371.16938359
Sample	12	118_1_A_AH	26041317	16016.6625044054	6121.44242652047	69937.9879884783	585834.415155976
Sample	12	118_1_A_3-6	26041318	6221.80605946019	6710.41015957308	86179.6079450835	1466999.99414275
Sample	12	118_1_A_0-3	26041319	347367.329430822	13660.7731421048	107432.505597901	1338376.3997766
Sample	12	202_3_A_AH	26041320	113098.867695811	36012.8136647827	305606.375057312	6818271.69005888
QC	12	QC12d	26041321	211678.208081464	230562.017029451	151950.57478309	2720695.92744132
Sample	12	202_3_A_3-6	26041322	117810.368896889	1540212.73764328	970432.415668792	21060483.6769522
Sample	12	202_3_A_BL	26041323	141336.943112361	57883.0707785986	321390.199129329	5427873.36670113
Sample	12	202_3_A_0-3	26041324	1097893.46344401	1143478.59199565	764606.638789801	14235865.1941499
Sample	12	009_1_B_3-6	26041325	9715.11312750394	7345.70668984223	39417.7090027224	254682.088917402
Sample	12	009_1_B_BL	26041326	223822.473229213	95511.5761024561	527568.650855342	4875724.91318717
QC	12	QC12e	26041327	228491.278651378	280676.987230607	159281.99622004	2895995.56034644
Sample	12	009_1_B_AH	26041328	248245.006928306	85577.5828409042	517694.949475903	5149042.3003144
Sample	12	009_1_B_0-3	26041329	9488.48786453533	6501.39609687283	37620.3650393395	268208.493229347
Sample	12	094_2_A_BL	26041330	12776.4872383756	6195.31544111963	54254.9804407887	668168.447636463
Sample	12	094_2_A_0-3	26041331	172648.464013383	77037.8518031809	53940.7372748797	736647.442004094
Sample	12	094_2_A_3-6	26041332	16926.5602140118	280354.338641343	137325.359487328	2406935.885122
QC	12	QC12f	26041333	228549.079602334	268885.055663608	162748.100750856	2923621.93482616
Sample	12	094_2_A_AH	26041334	123809.421701446	53559.0009042925	587401.222468429	9723506.72511538
Sample	12	170_3_A_AH	26041335	107179.880241188	51613.3187928564	297325.141711796	13278684.7098554
Sample	12	170_3_A_3-6	26041336	181171.221465158	558039.202174844	360838.917084618	7533820.09356515
Sample	12	170_3_A_0-3	26041337	1020178.10889973	512710.195794033	206534.657280612	4043353.01676747
Sample	12	170_3_A_BL	26041338	144378.813858427	78281.9266311341	391762.740139265	10706899.1192083
QC	12	QC12g	26041339	222743.979831589	253065.113733597	154257.305588699	2802666.33620169
Sample	12	062_3_A_3-6	26041340	95369.2892166711	517564.135822633	157544.054408294	3121484.91605258
Sample	12	062_3_A_AH	26041341	85130.6530186378	65187.9200368524	246941.690658918	1888228.35993885
Sample	12	062_3_A_0-3	26041342	284449.090419181	109159.968171962	65279.7392479115	662893.743908162
Sample	12	062_3_A_BL	26041343	191856.16994162	194044.998648727	537307.200225438	3471805.47039657
Sample	12	117_2_A_BL	26041344	11762.4401633236	5819.55309377618	36144.3885386069	440692.423630581
QC	12	QC12h	26041345	229659.776282939	294259.294147471	159382.627383665	2935095.97280268
Sample	12	117_2_A_0-3	26041346	96846.560507953	135572.701192487	33983.2147282223	448594.972507932
Sample	12	117_2_A_3-6	26041347	26845.3470340995	141572.682141881	50003.3304111667	987049.474565321
Sample	12	117_2_A_AH	26041348	9431.51184345206	3601.51729792373	30463.9588655769	453836.958998601
Std	12	Std_0_2	26041350	213314.92453397	251276.752700525	151590.187497278	2739881.1380065
Std	12	Std_1_2	26041351	499219.718254885	459734.485059016	210199.940987088	5430154.96620832
Std	12	Std_2_2	26041352	623178.780876325	526508.250551212	251202.980148268	6983828.92885834
Std	12	Std_3_2	26041353	707838.734356702	666329.76399075	275860.184405491	8253114.49790722
Std	12	Std_4_2	26041354	1005149.16379781	819485.898640072	330095.632179139	10797899.1557983
Std	12	Std_5_2	26041355	1246528.98638406	945080.0773735	379128.624174199	13355745.0739208
QC	12	QC12i	26041356	215036.285455363	238736.39481751	151542.95884658	2776628.98178257
QC	13	QC13a	26041401	224683.908491355	267973.038505362	156739.070749132	2832474.28828815
Std	13	Std_0_1	26041402	226369.68654239	264727.546406106	158111.119015383	2838011.14925224
Std	13	Std_1_1	26041403	494729.41387374	412681.451432292	205239.909000814	5101107.40763259
Std	13	Std_2_1	26041404	619193.483714728	536984.498191404	243155.604288706	6686869.86668103
Std	13	Std_3_1	26041405	717472.702545518	668260.069882656	274883.481998134	8142224.1845221
Std	13	Std_4_1	26041406	946996.438055309	739225.378753147	301110.851208652	10093117.419942
Std	13	Std_5_1	26041407	1215990.40705149	936090.083461159	388795.40393255	12954376.1289714
QC	13	QC13b	26041408	235418.777351591	291747.323852952	163891.88655491	2990713.87983556
Sample	13	024_1_A_0-3	26041410	2278907.66175825	208847.160180043	213670.660833553	6878456.6870269
Sample	13	024_1_A_AH	26041411	61217.0165167394	16805.6715466515	160836.005174589	9054012.32975371
Sample	13	024_1_A_BL	26041412	49829.803519693	18754.2098115407	148335.235570111	11211871.7966395
Sample	13	024_1_A_3-6	26041413	23110.9611951286	65232.7248442314	326738.88845747	9600491.14622579
QC	13	QC13c	26041414	219219.192740484	256242.694380563	154190.679116307	2782468.50879181
Sample	13	240_3_B_AH	26041415	62353.8222459709	25778.7953250489	177611.666415609	6974276.17698373
Sample	13	240_3_B_3-6	26041416	18789.3343843943	11269.8357529522	68997.842232334	752756.075150993
Sample	13	240_3_B_0-3	26041417	3368.9171805382	1333.48131356154	14153.3227285548	209486.207067252
Sample	13	240_3_B_BL	26041418	53340.7036638118	30649.0592256345	166878.616895187	3659871.64873697
Sample	13	212_3_B_3-6	26041419	3073.44026497977	1198.75541199456	14219.9233454449	491443.244873726
QC	13	QC13d	26041420	223871.95394387	262792.004772356	157882.500719418	2801948.41540836
Sample	13	212_3_B_BL	26041421	148353.261754942	71575.8489261014	421154.812575663	34282814.5806445
Sample	13	212_3_B_AH	26041422	248628.498347639	72521.6145817991	638269.371201977	38803148.2500381
Sample	13	212_3_B_0-3	26041423	3344.27667111345	1940.20251954502	14742.4001762811	790400.98441379
Sample	13	149_2_A_AH	26041424	33202.7458784077	83837.4293223981	105206.629516193	1343048.52888251
Sample	13	149_2_A_BL	26041425	73491.8117480383	230579.704209283	191624.784670239	1916239.04956171
QC	13	QC13e	26041426	226173.05623807	287863.68370341	158504.927926726	2860690.584516
Sample	13	149_2_A_3-6	26041427	7339.66032851398	112642.898189119	53316.723100689	897482.425918387
Sample	13	149_2_A_0-3	26041428	37001.232423455	55864.1869730981	30572.569909848	396657.534023861
Sample	13	230_3_B_AH	26041429	165965.128309594	72374.1231529084	336059.502349636	7827561.68056987
Sample	13	230_3_B_0-3	26041430	4796.1230875847	2787.43268366123	14267.6839201619	168918.139004825
Sample	13	230_3_B_3-6	26041431	6698.54240798035	3185.20721449337	18545.6484277975	186499.514810223
QC	13	QC13f	26041432	211130.646021176	252591.56821806	151923.52834502	2721105.58627656
Sample	13	230_3_B_BL	26041433	108778.593749398	63114.379825362	232155.635197564	3432863.8665176
Sample	13	211_3_A_3-6	26041434	4109.96912586015	36700.4503618066	42601.0327803748	897986.025025479
Sample	13	211_3_A_AH	26041435	76954.8120165231	31347.4603873692	299493.376313842	7063214.09951963
Sample	13	211_3_A_BL	26041436	165537.77580413	67811.3269634204	586043.986009125	10808549.2757192
Sample	13	211_3_A_0-3	26041437	887099.333881819	474545.586426876	202004.928857669	3845419.21453106
QC	13	QC13g	26041438	213523.835381857	273137.063910687	155050.304836822	2762940.92533057
Sample	13	124_2_A_0-3	26041439	230733.995579565	218000.699693027	71090.8614427686	983126.065409373
Sample	13	124_2_A_3-6	26041441	13403.2499985192	207178.679127794	77226.3386886674	1589414.82646388
Sample	13	231_3_A_AH	26041443	69471.2240776942	51300.3723224443	174613.915987378	7949550.48547244
QC	13	QC13h	26041444	192570.342720423	205327.859637446	143914.887603122	2469423.48740347
Sample	13	231_3_A_BL	26041445	6066.69776005595	4304.84684778573	17964.1772413414	594124.304675103
Sample	13	231_3_A_3-6	26041446	71202.4744462475	392418.308370189	117081.236279753	2667140.7107282
Sample	13	231_3_A_0-3	26041447	88073.3189671506	40502.0817628835	15111.2365286215	324152.30343788
Std	13	Std_0_2	26041449	216097.738560912	291562.161059088	157088.919654855	2852183.44147536
Std	13	Std_1_2	26041450	472395.784918304	434506.892413671	200621.235531166	4991501.22652633
Std	13	Std_2_2	26041451	624035.614498355	564831.61865023	254749.102679156	6859721.00726478
Std	13	Std_3_2	26041452	651146.843557802	620776.297912054	250401.947011865	7434190.9404752
Std	13	Std_4_2	26041453	920592.694530162	794540.026163139	300917.28648159	10206667.1665029
Std	13	Std_5_2	26041454	1127067.20206009	858567.458206357	321011.163404109	12063233.9511891
QC	13	QC13i	26041455	218358.003540245	281183.346027185	155053.311029768	2833032.17042517
QC	14	QC14a	26042002	212503.567780657	268611.130540723	152935.7705585	2793354.51288396
Std	14	Std_0_1	26042003	206273.640782766	234374.915378262	150340.56462244	2715285.03680198
Std	14	Std_1_1	26042004	470069.603398644	442127.491840306	192945.510613093	5209471.890805
Std	14	Std_2_1	26042005	593072.639112789	564619.160947055	237997.891784086	6729426.09232218
Std	14	Std_3_1	26042006	751343.043305999	730596.947078992	283080.616816032	8745613.12421698
Std	14	Std_4_1	26042007	967352.218044955	787206.927726811	320686.084333665	10480486.9658651
Std	14	Std_5_1	26042008	1207086.80152003	956974.88214914	370604.133928818	13350604.1903466
QC	14	QC14b	26042009	196504.416361293	251107.346230259	145261.652623014	2594926.35571624
Sample	14	223_1_A_0-3	26042011	684416.496310347	22694.2588866472	78677.4280371021	929624.991032945
Sample	14	223_1_A_3-6	26042012	14144.1270670604	20462.448088654	142575.409876834	2783267.39935629
Sample	14	223_1_A_BL	26042013	82846.6189163775	27924.9647966107	288078.675220935	4101805.29719717
Sample	14	223_1_A_AH	26042014	73013.4099737978	23984.7103007991	283817.992780832	8681281.27762759
QC	14	QC14c	26042015	204472.948782067	237274.833103203	144777.958721171	2644374.60370354
Sample	14	238_3_A_3-6	26042016	31678.3919376634	599156.69976562	132993.726129371	2443548.64554968
Sample	14	238_3_A_BL	26042017	735.976557986998	295.686372041967	4507.91658142055	36209.5360933321
Sample	14	238_3_A_0-3	26042018	65058.7642556865	18011.5119193703	11293.7128929499	126546.00292226
Sample	14	238_3_A_AH	26042019	3825.34732039049	887.361078832717	16790.6494899111	127197.79046452
Sample	14	242_3_A_3-6	26042020	110678.810872676	253031.657571436	309611.98832981	4794964.98848447
QC	14	QC14d	26042021	192747.65563172	208866.022832757	142579.670391576	2584985.9237016
Sample	14	242_3_A_AH	26042022	10014.8840529393	7519.5229757733	41385.9438682715	686075.691516197
Sample	14	242_3_A_BL	26042023	3151.10697921991	1935.28226461248	15545.2395065891	221134.246557946
Sample	14	242_3_A_0-3	26042024	282312.974374836	44945.5712309474	71786.7773499668	873724.391367467
Sample	14	164_2_A_0-3	26042025	1057011.86792573	640147.773020921	95736.802960118	1535131.89136034
Sample	14	164_2_A_AH	26042026	59080.0764148775	27311.3558298472	171479.981158799	4525212.92881475
QC	14	QC14e	26042027	199836.238781475	252390.562710207	146727.8548653	2659495.56384756
Sample	14	164_2_A_BL	26042028	71743.82332024	33750.2202272963	198203.962734755	4269584.20524364
Sample	14	164_2_A_3-6	26042029	679270.685469795	1119159.83903378	539562.303533374	10181989.3646326
Sample	14	235_3_A_0-3	26042030	389922.681105851	96466.3015953505	92824.9260084528	1709390.04592655
Sample	14	235_3_A_BL	26042031	78332.3440365493	39310.2626497137	245007.838413675	6432833.56086132
Sample	14	235_3_A_3-6	26042032	43142.8250612009	57321.3571537436	71487.0767824394	1615727.41883381
QC	14	QC14f	26042033	189900.873400927	178711.129213442	137963.528844491	2424334.7086599
Sample	14	235_3_A_AH	26042034	63407.1548850784	22658.914499633	175484.634943957	7062883.00193207
Sample	14	095_1_A_AH	26042035	53206.3753308341	31866.9873637066	204962.818304941	1229890.62005874
Sample	14	095_1_A_0-3	26042036	482472.632940053	31006.7081932683	77810.0848568503	987113.955584535
Sample	14	095_1_A_BL	26042037	42038.7439687556	30233.7780573066	194883.111238679	989401.901009876
Sample	14	095_1_A_3-6	26042038	30162.7641213083	82817.2335617349	496440.825287279	11341258.0520914
QC	14	QC14g	26042039	202834.562226866	234562.969013232	145935.367762223	2628318.55150255
Sample	14	244_3_A_BL	26042040	43955.4262910711	21452.1327418259	138253.06995045	6307771.8032828
Sample	14	244_3_A_AH	26042041	134556.031319669	44141.0396915586	333155.114669305	11208538.2450756
Sample	14	244_3_A_0-3	26042042	97235.0401320305	289177.638801009	49974.6383694974	1489044.25563774
Sample	14	244_3_A_3-6	26042043	15244.4486716754	156858.844440717	64054.2215801783	1844835.9767833
Sample	14	229_3_B_AH	26042044	24772.1996554939	12786.6726856753	92332.7006782765	1058228.15204808
QC	14	QC14h	26042045	206258.915827477	245502.382060189	148027.400447694	2676594.26520491
Sample	14	229_3_B_0-3	26042046	3128.31108852995	1729.81730176719	12255.453577632	108779.608089555
Sample	14	229_3_B_BL	26042047	10516.3164269357	6506.63666295367	43726.7219867995	452267.080580407
Sample	14	229_3_B_3-6	26042048	3012.53613329575	1074.35777271246	11951.4136036075	96499.6441107373
Std	14	Std_0_2	26042050	189640.288275081	197627.264480761	139481.014797053	2447472.41962837
Std	14	Std_1_2	26042051	438817.793228709	383812.06864141	180528.219539627	4986751.29406478
Std	14	Std_2_2	26042052	519430.073969542	387110.168709451	216860.219441406	5922744.33057121
Std	14	Std_3_2	26042053	632009.052648111	581877.637947011	248714.29322727	7365449.13430041
Std	14	Std_4_2	26042054	975065.907110339	799294.287873239	320214.551697825	10606415.2646253
Std	14	Std_5_2	26042055	1161247.62212771	884246.711045904	355878.774786595	12485673.9199257
QC	14	QC14i	26042056	189991.089525824	202087.355373581	138031.586541148	2464357.97091401
QC	15	QC15a	26042101	175253.377750124	194635.617797842	127107.628679829	2188610.43713051
Std	15	Std_0_1	26042102	174789.860547707	193628.63084245	126267.554971487	2179396.00204192
Std	15	Std_1_1	26042103	431415.124725682	386571.762657548	178868.405194748	4716990.42931405
Std	15	Std_2_1	26042104	598192.358278263	519523.373736509	234866.125222729	6394902.13624078
Std	15	Std_3_1	26042105	677754.430991303	636294.320717073	259002.198775391	7586213.23960555
Std	15	Std_4_1	26042106	952827.505717138	818796.92980836	317198.987554927	10339682.2957601
Std	15	Std_5_1	26042107	1173689.27921377	923065.224800798	361612.420112318	12439599.1012272
QC	15	QC15b	26042108	173360.425203591	192471.78929219	127108.338049494	2195465.49400296
QC	15	QC15c	26042114	159458.070469303	149418.866892865	124113.633488396	2130494.92093457
QC	15	QC15d	26042120	159347.002763433	137781.524805063	123814.704918971	2129636.72653621
QC	15	QC15e	26042126	160293.752196458	135916.298752702	124297.898252889	2102646.54963474
QC	15	QC15f	26042132	160471.581052022	120676.392553275	122524.166955418	2123935.66975497
QC	15	QC15g	26042138	136072.574173042	61736.036525008	113226.083251426	1859916.01510622
QC	15	QC15h	26042144	149689.869969845	106036.090092335	115527.102176948	1981738.42618727
Std	15	Std_0_2	26042149	152794.475845293	115278.558306896	117007.474761395	2004533.00124102
Std	15	Std_1_2	26042150	412126.732694048	243412.344812406	177038.34822047	4644007.17694303
Std	15	Std_2_2	26042151	540400.265223837	374000.13026389	220970.667448051	6166692.82604401
Std	15	Std_3_2	26042152	642493.958823208	367759.025891995	258347.18037095	7416432.22413298
Std	15	Std_4_2	26042153	837495.322764519	625716.702126865	284142.753607294	9141869.10255966
Std	15	Std_5_2	26042154	1103215.90059902	735254.579033489	338148.990167746	11555962.0459799
QC	15	QC15i	26042155	152935.005467551	114293.70028652	115515.989002538	1975159.50144193
QC	16	QC16a	26051902	199975.58102097	128247.321474934	198689.417993974	3493293.62125492
QC	16	QC13k	26051903	198489.78844361	205687.140918905	144434.80150375	2627942.17764931
Std	16	Std_0_1	26051904	190841.331595584	114257.277208133	191621.923248577	3253705.55746877
Std	16	Std_1_1	26051905	389938.858785018	191157.103320696	212578.417957813	4995370.63096427
Std	16	Std_2_1	26051906	516464.634815265	303709.096065363	260374.236675658	6868356.0063789
Std	16	Std_3_1	26051907	599426.0361302	446500.798390368	284148.211557199	8320418.98567622
Std	16	Std_4_1	26051908	856985.91030468	503247.252577016	341510.94480194	10926989.1174087
Std	16	Std_5_1	26051909	1098808.42199764	729030.901207937	385954.73482716	13638769.7961192
Std	16	Std_6_1	26051910	2362492.35948881	1543602.90689121	801185.111117865	29762227.8596888
Std	16	Std_7_1	26051911	3686440.52029872	2649671.53733195	1873733.07341346	55399407.7179126
Std	16	Std_8_1	26051912	5531360.99331237	3493498.91252658	3055763.69736374	70195533.6019844
QC	16	QC16b	26051913	197502.547715386	163137.495310163	185575.472464004	3351987.60481275
QC	16	QC13l	26051914	207020.419472738	247552.016823522	143146.064249223	2636968.60081614
QC	16	QC16c	26051920	188712.083822377	95339.191035469	180908.411077498	3116755.02225832
QC	16	QC13m	26051921	185381.890296392	165162.356609713	129722.503746241	2348987.26652801
Sample	16	150_3_A_BL	26051924	359204.522298541	187319.859625653	691787.961685565	11860024.8347407
Sample	16	077_2_A_BL	26051925	239863.69019785	163953.893563529	845899.00707574	9521725.99849275
Sample	16	193_3_A_AH	26051926	45176.0246768341	11626.1161349605	158415.255518202	3081251.0833733
QC	16	QC16d	26051927	179017.493344518	77421.1640966671	177259.605708203	3066053.46489106
QC	16	QC14k	26051928	182392.713583648	206533.377101662	127562.042082749	2340392.44481145
Sample	16	177_3_A_AH	26051929	1034062.56812492	71222.4033487618	420553.646407792	4410948.55825416
Sample	16	144_3_A_AH	26051930	76827.0005058588	25267.525652765	212159.233449164	7516037.26840237
Sample	16	124_2_A_AH	26051931	67467.4496823816	22254.2245368354	150774.224677607	2290666.13301526
Sample	16	124_2_A_BL	26051932	128514.6567917	51234.0745448801	303654.31601031	3306742.78535649
Sample	16	007_1_A_0-3	26051933	683520.962263493	62275.2847972911	49807.1837336119	600607.990302539
QC	16	QC14l	26051935	228793.292877112	297687.952784709	156059.180634796	2978779.7417195
Sample	16	007_1_A_AH	26051936	32115.1413443194	11129.3828861444	90301.5498546554	1676958.57828257
Sample	16	007_1_A_BL	26051937	5983.31768401853	2090.13106844092	21715.06905051	281832.279473991
Sample	16	007_1_A_3-6	26051938	33325.5323857275	113798.986629914	140651.525008389	2965349.31586765
Sample	16	209_3_A_AH	26051939	158246.164375344	62455.2048206296	601233.298152207	6840769.17304238
Sample	16	209_3_A_0-3	26051940	152386.200093051	71424.8013787967	51524.3021491679	619930.565266808
QC	16	QC16f	26051941	221736.95518871	156454.265879865	201004.54227143	3702511.67170935
QC	16	QC15k	26051942	184650.361571914	241190.011384271	127691.193245483	2344143.70942638
Sample	16	209_3_A_BL	26051943	102401.282087703	50267.1385280763	324712.621317419	3305921.84748185
Sample	16	209_3_A_3-6	26051944	58637.9845535272	294623.76972184	158788.471006305	3020970.67304565
Sample	16	027_1_A_0-3	26051945	1921114.84204479	421011.149336635	89040.0110230465	968963.37325535
Sample	16	027_1_A_AH	26051946	81769.8497768518	57556.2152935644	206418.848167178	2975063.83502952
Sample	16	027_1_A_3-6	26051947	256277.627988069	301100.8814164	363738.485739275	6846682.9913394
QC	16	QC16g	26051948	190999.75616489	138648.610696241	181410.580461572	3313637.88000882
QC	16	QC15l	26051949	168361.359007478	218863.624447238	118796.664418228	2154848.00865349
Sample	16	027_1_A_BL	26051950	40282.6765844026	33094.5985021407	120810.205187417	1447695.19338437
Std	16	Std_0_2	26051953	180173.310748256	115321.549534527	167968.896014866	3041780.04545557
Std	16	Std_1_2	26051954	463464.704674122	303174.397168632	227659.930925721	5723859.85318888
Std	16	Std_2_2	26051955	551892.007567877	429168.891816836	267664.874856955	7071591.3348607
Std	16	Std_3_2	26051956	684035.897515449	576090.009735448	299823.042668113	8943128.17956169
Std	16	Std_4_2	26051957	1030306.18345252	796268.689188465	374783.048752408	12272685.1917527
Std	16	Std_5_2	26051958	1197828.87315057	835781.867102947	394724.575825548	14020212.3888758
Std	16	Std_6_2	26051959	2362849.71172537	1532429.14039403	732482.905671599	28373593.1966757
Std	16	Std_7_2	26051960	3520783.50827713	2344099.78853408	1894095.76101694	49647745.6712653
Std	16	Std_8_2	26051961	5441924.83749598	3251887.3977717	2947513.69310642	68551135.2179534
QC	16	QC16i	26051962	201777.528927643	159489.189708342	177050.223428487	3412257.79230516
QC	16	QC15m	26051963	160728.243093396	191770.980675059	110178.980259472	2006739.0286063
QC	17	QC17a	26062402	210727.520055149	84185.0831811258	194688.056799685	3464857.02797997
QC	17	QC10k	26062403	181356.984991654	114684.265912657	129231.31401264	2352414.74390176
Std	17	Std_0_1	26062404	199519.758938282	89485.7277368137	187805.747682115	3277602.27650448
Std	17	Std_1_1	26062405	441828.922277007	189427.434973067	226442.953542138	5400309.53637851
Std	17	Std_2_1	26062406	607799.963689387	293923.487587152	289511.012169225	7470795.84350117
Std	17	Std_3_1	26062407	702313.457111577	424883.531617455	311643.713476952	8807898.64914955
Std	17	Std_4_1	26062408	977200.545675342	565642.273512258	368751.376201033	11524919.2552147
Std	17	Std_5_1	26062409	1160333.19873834	656724.40777556	400691.100476307	13414035.0565824
QC	17	QC17b	26062410	198956.332773989	98103.2963803057	176989.803804632	3105429.21660308
QC	17	QC10l	26062411	173191.144273806	161083.213107978	119876.514590444	2153224.71937145
Sample	17	116_3_B_AH	26062415	13929.249343079	1630.39759627387	51173.6047627558	890035.17052005
Sample	17	116_3_B_BL	26062416	38930.7888211695	5621.49419412677	117590.615438081	1979534.5719141
Sample	17	116_3_B_3-6	26062417	3570.00828280654	768.307030213376	9760.37117457036	138750.858440153
Sample	17	116_3_B_0-3	26062418	625.108262628545	0	5235.07982699704	99875.306716114
QC	17	QC17c	26062419	170156.294596495	63735.3550446852	149038.279746679	2640636.97942945
QC	17	QC10m	26062420	157806.056223984	365140.923074361	172146.522816608	2490678.63637972
Sample	17	154_3_B_3-6	26062422	7570.51294753585	4083.05519790731	36504.122388991	223382.619708831
Sample	17	154_3_B_AH	26062423	64135.2601676449	48133.1105713147	224200.060721237	2507608.54618607
Sample	17	154_3_B_BL	26062424	35548.0005576706	29871.6696047132	143020.607178221	1034708.94512225
Sample	17	154_3_B_0-3	26062425	8579.49300134302	6394.99305302825	36024.9787413489	269287.162080897
QC	17	QC17d	26062426	235317.283058963	184551.139348643	309795.825797107	4214095.82490367
QC	17	QC11k	26062427	247452.139497061	309687.619266464	234189.967430091	3663560.45320324
Sample	17	102_2_B_BL	26062429	51259.5357565685	56916.7962100511	207309.90442414	2338462.85957747
Sample	17	102_2_B_0-3	26062430	9387.0235677964	9179.77709443885	44259.3369273052	419062.862456272
Sample	17	102_2_B_AH	26062431	54912.0341951623	55965.9434026577	213456.971277333	2928271.44424456
Sample	17	102_2_B_3-6	26062432	15925.7173323194	15450.389592944	71618.0552516273	614885.634057093
QC	17	QC17e	26062433	237827.729968781	192029.23148839	292486.276477258	4107544.51742462
QC	17	QC11l	26062434	245801.998208537	303444.463372587	221330.014014645	3520632.0680908
Sample	17	145_3_B_0-3	26062436	8719.694422266	7810.41586613364	38130.1337607839	308460.097728778
Sample	17	145_3_B_3-6	26062437	11745.3065156462	12489.3317812805	56575.1279124514	409308.45308999
Sample	17	145_3_B_BL	26062438	33008.1587595914	36991.9255506213	143416.34328899	1113275.2128815
Sample	17	145_3_B_AH	26062439	205652.212211857	140473.70328875	763948.956198353	10247012.6600752
QC	17	QC17f	26062440	238301.335608276	188070.152373178	286996.527217688	4014023.18388918
QC	17	QC11m	26062441	255090.835967792	279915.69710934	225481.50825673	3546175.99686102
Sample	17	035_2_B_0-3	26062443	8406.89397419338	6719.37610851985	33316.8641330138	302851.756206828
Sample	17	035_2_B_AH	26062444	78158.9520187978	60612.9974757957	305452.203997981	5421868.85704456
Sample	17	035_2_B_3-6	26062445	12691.7063061264	12160.1489719579	58969.2459244151	446319.668698986
Sample	17	035_2_B_BL	26062446	94076.6864641566	95497.0020028527	365342.513771054	3665051.50995454
Std	17	Std_0_2	26062448	246017.261143184	195390.098178657	292508.355248158	4061308.16650842
Std	17	Std_1_2	26062449	515219.542796043	372831.253727015	370431.445277327	7111637.3855781
Std	17	Std_2_2	26062450	550489.194141545	369331.564446632	363456.183025223	7507980.12589283
Std	17	Std_3_2	26062451	657438.432131613	779191.815599194	427657.361065929	9173926.82887738
Std	17	Std_4_2	26062452	881451.155806919	573295.566289981	476301.211464123	11210665.2045376
Std	17	Std_5_2	26062453	1160712.03893039	801468.554202068	587815.410112348	14333068.6065422
QC	17	QC17g	26062454	246286.961024042	191077.641773925	283504.152524053	4017837.90864375
QC	17	QC12k	26062455	251462.026795764	268436.218458312	222889.552177652	3427308.5518125
