batch	Name	closest_standard	injection_order
1	QC1a	1	26022402
1	Std_0_1	1	26022403
1	Std_1_1	1	26022404
1	Std_2_1	1	26022405
1	Std_3_1	1	26022406
1	Std_4_1	1	26022407
1	Std_5_1	1	26022408
1	QC1b	1	26022409
1	113_2_A_BL	1	26022411
1	113_2_A_3-6	1	26022412
1	113_2_A_0-3	1	26022413
1	113_2_A_AH	1	26022414
1	QC1c	1	26022415
1	137_3_A_AH	1	26022416
1	137_3_A_BL	1	26022417
1	137_3_A_3-6	1	26022418
1	137_3_A_0-3	1	26022419
1	142_3_A_3-6	1	26022420
1	QC1d	1	26022421
1	142_3_A_AH	1	26022422
1	142_3_A_0-3	1	26022423
1	142_3_A_BL	1	26022424
1	107_1_A_3-6	1	26022425
1	107_1_A_AH	1	26022426
1	QC1e	1	26022427
1	107_1_A_0-3	1	26022428
1	107_1_A_BL	1	26022429
1	112_1_A_BL	2	26022430
1	112_1_A_0-3	2	26022431
1	112_1_A_3-6	2	26022432
1	QC1f	2	26022433
1	112_1_A_AH	2	26022434
1	126_3_A_AH	2	26022435
1	126_3_A_BL	2	26022436
1	126_3_A_0-3	2	26022437
1	126_3_A_3-6	2	26022438
1	QC1g	2	26022439
1	047_3_A_3-6	2	26022440
1	047_3_A_BL	2	26022441
1	047_3_A_0-3	2	26022442
1	047_3_A_AH	2	26022443
1	QC1h	2	26022445
1	Std_0_2	2	26022450
1	Std_1_2	2	26022451
1	Std_2_2	2	26022452
1	Std_3_2	2	26022453
1	Std_4_2	2	26022454
1	Std_5_2	2	26022455
1	QC1i	2	26022456
2	QC2a	1	26030202
2	Std_0_1	1	26030203
2	Std_1_1	1	26030204
2	Std_2_1	1	26030205
2	Std_3_1	1	26030206
2	Std_4_1	1	26030207
2	Std_5_1	1	26030208
2	QC2b	1	26030209
2	010_1_A_BL	1	26030211
2	010_1_A_3-6	1	26030212
2	010_1_A_AH	1	26030213
2	010_1_A_0-3	1	26030214
2	QC2c	1	26030215
2	059_2_A_BL	1	26030216
2	059_2_A_3-6	1	26030217
2	059_2_A_AH	1	26030218
2	059_2_A_0-3	1	26030219
2	123_2_A_BL	1	26030220
2	QC2d	1	26030221
2	123_2_A_0-3	1	26030222
2	123_2_A_AH	1	26030223
2	123_2_A_3-6	1	26030224
2	065_3_A_AH	1	26030225
2	065_3_A_0-3	1	26030226
2	QC2e	1	26030227
2	065_3_A_BL	1	26030228
2	065_3_A_3-6	1	26030229
2	111_3_B_AH	2	26030230
2	111_3_B_BL	2	26030231
2	111_3_B_3-6	2	26030232
2	QC2f	2	26030233
2	111_3_B_0-3	2	26030234
2	044_3_A_BL	2	26030235
2	044_3_A_AH	2	26030236
2	044_3_A_3-6	2	26030237
2	044_3_A_0-3	2	26030238
2	QC2g	2	26030239
2	079_3_B_AH	2	26030240
2	079_3_B_3-6	2	26030241
2	079_3_B_BL	2	26030242
2	079_3_B_0-3	2	26030243
2	210_3_A_AH	2	26030244
2	QC2h	2	26030245
2	210_3_A_BL	2	26030246
2	210_3_A_0-3	2	26030247
2	210_3_A_3-6	2	26030248
2	Std_0_2	2	26030250
2	Std_1_2	2	26030251
2	Std_2_2	2	26030252
2	Std_3_2	2	26030253
2	Std_4_2	2	26030254
2	Std_5_2	2	26030255
2	QC2i	2	26030256
3	QC3a	1	26030301
3	Std_0_1	1	26030302
3	Std_1_1	1	26030303
3	Std_2_1	1	26030304
3	Std_3_1	1	26030305
3	Std_4_1	1	26030306
3	Std_5_1	1	26030307
3	QC3b	1	26030308
3	QC3c	1	26030314
3	072_1_A_0-3	1	26030315
3	072_1_A_BL	1	26030316
3	072_1_A_AH	1	26030317
3	072_1_A_3-6	1	26030318
3	150_3_A_AH	1	26030319
3	QC3d	1	26030320
3	150_3_A_0-3	1	26030321
3	150_3_A_3-6	1	26030323
3	171_3_A_BL	1	26030324
3	171_3_A_0-3	1	26030325
3	QC3e	1	26030326
3	171_3_A_AH	1	26030327
3	171_3_A_3-6	1	26030328
3	180_3_A_AH	2	26030329
3	180_3_A_0-3	2	26030330
3	180_3_A_BL	2	26030331
3	QC3f	2	26030332
3	180_3_A_3-6	2	26030333
3	029_2_A_BL	2	26030334
3	029_2_A_0-3	2	26030335
3	029_2_A_3-6	2	26030336
3	029_2_A_AH	2	26030337
3	QC3g	2	26030338
3	172_3_A_0-3	2	26030339
3	172_3_A_3-6	2	26030340
3	172_3_A_AH	2	26030341
3	172_3_A_BL	2	26030342
3	106_1_A_BL	2	26030343
3	QC3h	2	26030344
3	106_1_A_0-3	2	26030345
3	106_1_A_3-6	2	26030346
3	106_1_A_AH	2	26030347
3	Std_0_2	2	26030349
3	Std_1_2	2	26030350
3	Std_2_2	2	26030351
3	Std_3_2	2	26030352
3	Std_4_2	2	26030353
3	Std_5_2	2	26030354
3	QC3i	2	26030355
4	QC4a	1	26030902
4	Std_0_1	1	26030903
4	Std_1_1	1	26030904
4	Std_2_1	1	26030905
4	Std_3_1	1	26030906
4	Std_4_1	1	26030907
4	Std_5_1	1	26030908
4	QC4b	1	26030909
4	QC4c	1	26030915
4	120_3_A_3-6	1	26030916
4	120_3_A_0-3	1	26030917
4	120_3_A_AH	1	26030918
4	120_3_A_BL	1	26030919
4	077_2_A_3-6	1	26030920
4	QC4d	1	26030921
4	077_2_A_AH	1	26030923
4	077_2_A_0-3	1	26030924
4	099_3_A_3-6	1	26030925
4	099_3_A_BL	1	26030926
4	QC4e	1	26030927
4	099_3_A_AH	1	26030928
4	099_3_A_0-3	2	26030929
4	159_3_A_BL	2	26030930
4	159_3_A_0-3	2	26030931
4	159_3_A_3-6	2	26030932
4	QC4f	2	26030933
4	159_3_A_AH	2	26030934
4	225_3_A_3-6	2	26030935
4	225_3_A_0-3	2	26030936
4	225_3_A_BL	2	26030937
4	QC4g	2	26030938
4	049_1_A_BL	2	26030943
4	QC4h	2	26030944
4	049_1_A_AH	2	26030945
4	049_1_A_0-3	2	26030946
4	049_1_A_3-6	2	26030947
4	Std_0_2	2	26030949
4	Std_1_2	2	26030950
4	Std_2_2	2	26030951
4	Std_3_2	2	26030952
4	Std_4_2	2	26030953
4	Std_5_2	2	26030954
4	QC4i	2	26030955
6	QC6a	1	26031601
6	Std_0_1	1	26031602
6	Std_1_1	1	26031603
6	Std_2_1	1	26031604
6	Std_3_1	1	26031605
6	Std_4_1	1	26031606
6	Std_5_1	1	26031607
6	QC6b	1	26031608
6	081_2_A_0-3	1	26031610
6	081_2_A_3-6	1	26031611
6	081_2_A_AH	1	26031612
6	081_2_A_BL	1	26031613
6	QC6c	1	26031614
6	219_3_A_AH	1	26031615
6	219_3_A_0-3	1	26031616
6	219_3_A_3-6	1	26031617
6	219_3_A_BL	1	26031618
6	016_2_A_0-3	1	26031619
6	QC6d	1	26031620
6	016_2_A_AH	1	26031621
6	016_2_A_3-6	1	26031622
6	016_2_A_BL	1	26031623
6	178_3_B_3-6	1	26031624
6	178_3_B_0-3	1	26031625
6	QC6e	1	26031626
6	178_3_B_BL	1	26031627
6	178_3_B_AH	1	26031628
6	196_3_A_BL	2	26031629
6	196_3_A_3-6	2	26031630
6	196_3_A_AH	2	26031631
6	QC6f	2	26031632
6	196_3_A_0-3	2	26031633
6	161_3_A_AH	2	26031634
6	161_3_A_BL	2	26031635
6	161_3_A_0-3	2	26031636
6	161_3_A_3-6	2	26031637
6	QC6g	2	26031638
6	046_1_B_3-6	2	26031639
6	046_1_B_BL	2	26031640
6	046_1_B_0-3	2	26031641
6	046_1_B_AH	2	26031642
6	175_3_A_0-3	2	26031643
6	QC6h	2	26031644
6	175_3_A_3-6	2	26031645
6	175_3_A_AH	2	26031646
6	175_3_A_BL	2	26031647
6	Std_0_2	2	26031649
6	Std_1_2	2	26031650
6	Std_2_2	2	26031651
6	Std_3_2	2	26031652
6	Std_4_2	2	26031653
6	Std_5_2	2	26031654
6	QC6i	2	26031655
7	QC7a	1	26031801
7	Std_0_1	1	26031802
7	Std_1_1	1	26031803
7	Std_2_1	1	26031804
7	Std_3_1	1	26031805
7	Std_4_1	1	26031806
7	Std_5_1	1	26031807
7	QC7b	1	26031808
7	064_2_A_0-3	1	26031810
7	064_2_A_BL	1	26031811
7	064_2_A_3-6	1	26031812
7	064_2_A_AH	1	26031813
7	QC7c	1	26031814
7	163_3_A_3-6	1	26031815
7	163_3_A_BL	1	26031816
7	163_3_A_AH	1	26031817
7	163_3_A_0-3	1	26031818
7	193_3_A_3-6	1	26031819
7	QC7d	1	26031820
7	193_3_A_BL	1	26031821
7	193_3_A_0-3	1	26031823
7	086_3_A_AH	1	26031824
7	086_3_A_0-3	1	26031825
7	QC7e	1	26031826
7	086_3_A_3-6	1	26031827
7	086_3_A_BL	1	26031828
7	074_3_A_AH	2	26031829
7	074_3_A_0-3	2	26031830
7	074_3_A_BL	2	26031831
7	QC7f	2	26031832
7	074_3_A_3-6	2	26031833
7	040_2_A_BL	2	26031834
7	040_2_A_0-3	2	26031835
7	040_2_A_AH	2	26031836
7	040_2_A_3-6	2	26031837
7	QC7g	2	26031838
7	008_1_A_0-3	2	26031839
7	008_1_A_3-6	2	26031840
7	008_1_A_BL	2	26031841
7	008_1_A_AH	2	26031842
7	216_1_B_AH	2	26031843
7	QC7h	2	26031844
7	216_1_B_BL	2	26031845
7	216_1_B_0-3	2	26031846
7	216_1_B_3-6	2	26031847
7	Std_0_2	2	26031849
7	Std_1_2	2	26031850
7	Std_2_2	2	26031851
7	Std_3_2	2	26031852
7	Std_4_2	2	26031853
7	Std_5_2	2	26031854
7	QC7i	2	26031855
8	QC8a	1	26032301
8	Std_0_1	1	26032302
8	Std_1_1	1	26032303
8	Std_2_1	1	26032304
8	Std_3_1	1	26032305
8	Std_4_1	1	26032306
8	Std_5_1	1	26032307
8	QC8b	1	26032308
8	103_3_A_AH	1	26032310
8	103_3_A_0-3	1	26032311
8	103_3_A_BL	1	26032312
8	103_3_A_3-6	1	26032313
8	QC8c	1	26032314
8	091_1_A_3-6	1	26032315
8	091_1_A_0-3	1	26032316
8	091_1_A_AH	1	26032317
8	091_1_A_BL	1	26032318
8	129_3_A_0-3	1	26032319
8	QC8d	1	26032320
8	129_3_A_BL	1	26032321
8	129_3_A_3-6	1	26032322
8	129_3_A_AH	1	26032323
8	012_1_A_0-3	1	26032324
8	012_1_A_AH	1	26032325
8	QC8e	1	26032326
8	012_1_A_BL	1	26032327
8	012_1_A_3-6	1	26032328
8	034_2_B_3-6	2	26032329
8	034_2_B_AH	2	26032330
8	034_2_B_0-3	2	26032331
8	QC8f	2	26032332
8	034_2_B_BL	2	26032333
8	134_3_A_0-3	2	26032334
8	134_3_A_3-6	2	26032335
8	134_3_A_AH	2	26032336
8	134_3_A_BL	2	26032337
8	QC8g	2	26032338
8	140_2_B_3-6	2	26032339
8	140_2_B_0-3	2	26032340
8	140_2_B_BL	2	26032341
8	140_2_B_AH	2	26032342
8	017_3_A_3-6	2	26032343
8	QC8h	2	26032344
8	017_3_A_AH	2	26032345
8	017_3_A_BL	2	26032346
8	017_3_A_0-3	2	26032347
8	Std_0_2	2	26032349
8	Std_1_2	2	26032350
8	Std_2_2	2	26032351
8	Std_3_2	2	26032352
8	Std_4_2	2	26032353
8	Std_5_2	2	26032354
8	QC8i	2	26032355
9	QC9a	1	26032401
9	Std_0_1	1	26032402
9	Std_1_1	1	26032403
9	Std_2_1	1	26032404
9	Std_3_1	1	26032405
9	Std_4_1	1	26032406
9	Std_5_1	1	26032407
9	QC9b	1	26032408
9	078_2_A_0-3	1	26032410
9	078_2_A_3-6	1	26032411
9	078_2_A_BL	1	26032412
9	QC9c	1	26032413
9	115_2_A_BL	1	26032414
9	115_2_A_AH	1	26032415
9	115_2_A_3-6	1	26032416
9	115_2_A_0-3	1	26032417
9	177_3_A_BL	1	26032418
9	QC9d	1	26032419
9	177_3_A_3-6	1	26032420
9	177_3_A_0-3	1	26032421
9	031_1_A_AH	1	26032423
9	031_1_A_0-3	1	26032424
9	QC9e	1	26032425
9	031_1_A_3-6	1	26032426
9	031_1_A_BL	1	26032427
9	100_3_A_3-6	2	26032428
9	100_3_A_0-3	2	26032429
9	100_3_A_BL	2	26032430
9	QC9f	2	26032431
9	100_3_A_AH	2	26032432
9	082_3_A_BL	2	26032433
9	082_3_A_0-3	2	26032434
9	082_3_A_AH	2	26032435
9	082_3_A_3-6	2	26032436
9	QC9g	2	26032437
9	023_3_A_3-6	2	26032438
9	023_3_A_AH	2	26032439
9	023_3_A_BL	2	26032440
9	023_3_A_0-3	2	26032441
9	097_1_B_3-6	2	26032442
9	QC9h	2	26032443
9	097_1_B_0-3	2	26032444
9	097_1_B_BL	2	26032445
9	097_1_B_AH	2	26032446
9	Std_0_2	2	26032448
9	Std_1_2	2	26032449
9	Std_2_2	2	26032450
9	Std_3_2	2	26032451
9	Std_4_2	2	26032452
9	Std_5_2	2	26032453
9	QC9i	2	26032454
10	QC10a	1	26033102
10	Std_0_1	1	26033103
10	Std_1_1	1	26033104
10	Std_2_1	1	26033105
10	Std_3_1	1	26033106
10	Std_4_1	1	26033107
10	Std_5_1	1	26033108
10	QC10b	1	26033109
10	058_3_A_BL	1	26033111
10	058_3_A_3-6	1	26033112
10	058_3_A_0-3	1	26033113
10	058_3_A_AH	1	26033114
10	QC10c	1	26033115
10	083_2_A_3-6	1	26033116
10	083_2_A_AH	1	26033117
10	083_2_A_BL	1	26033118
10	083_2_A_0-3	1	26033119
10	052_1_A_0-3	1	26033120
10	QC10d	1	26033121
10	052_1_A_AH	1	26033122
10	052_1_A_BL	1	26033123
10	052_1_A_3-6	1	26033124
10	089_2_A_3-6	1	26033125
10	089_2_A_AH	1	26033126
10	QC10e	1	26033127
10	089_2_A_0-3	1	26033128
10	089_2_A_BL	1	26033129
10	109_3_A_BL	2	26033130
10	109_3_A_0-3	2	26033131
10	109_3_A_AH	2	26033132
10	QC10f	2	26033133
10	109_3_A_3-6	2	26033134
10	087_3_B_0-3	2	26033135
10	087_3_B_AH	2	26033136
10	087_3_B_3-6	2	26033137
10	087_3_B_BL	2	26033138
10	QC10g	2	26033139
10	001_1_A_3-6	2	26033140
10	001_1_A_BL	2	26033141
10	001_1_A_0-3	2	26033142
10	001_1_A_AH	2	26033143
10	187_3_A_BL	2	26033144
10	QC10h	2	26033145
10	187_3_A_0-3	2	26033146
10	187_3_A_AH	2	26033147
10	187_3_A_3-6	2	26033148
10	Std_0_2	2	26033150
10	Std_1_2	2	26033151
10	Std_2_2	2	26033152
10	Std_3_2	2	26033153
10	Std_4_2	2	26033154
10	Std_5_2	2	26033155
10	QC10i	2	26033156
12	QC12a	1	26041302
12	Std_0_1	1	26041303
12	Std_1_1	1	26041304
12	Std_2_1	1	26041305
12	Std_3_1	1	26041306
12	Std_4_1	1	26041307
12	Std_5_1	1	26041308
12	QC12b	1	26041309
12	245_3_A_0-3	1	26041311
12	245_3_A_BL	1	26041312
12	245_3_A_3-6	1	26041313
12	245_3_A_AH	1	26041314
12	QC12c	1	26041315
12	118_1_A_BL	1	26041316
12	118_1_A_AH	1	26041317
12	118_1_A_3-6	1	26041318
12	118_1_A_0-3	1	26041319
12	202_3_A_AH	1	26041320
12	QC12d	1	26041321
12	202_3_A_3-6	1	26041322
12	202_3_A_BL	1	26041323
12	202_3_A_0-3	1	26041324
12	009_1_B_3-6	1	26041325
12	009_1_B_BL	1	26041326
12	QC12e	1	26041327
12	009_1_B_AH	1	26041328
12	009_1_B_0-3	1	26041329
12	094_2_A_BL	2	26041330
12	094_2_A_0-3	2	26041331
12	094_2_A_3-6	2	26041332
12	QC12f	2	26041333
12	094_2_A_AH	2	26041334
12	170_3_A_AH	2	26041335
12	170_3_A_3-6	2	26041336
12	170_3_A_0-3	2	26041337
12	170_3_A_BL	2	26041338
12	QC12g	2	26041339
12	062_3_A_3-6	2	26041340
12	062_3_A_AH	2	26041341
12	062_3_A_0-3	2	26041342
12	062_3_A_BL	2	26041343
12	117_2_A_BL	2	26041344
12	QC12h	2	26041345
12	117_2_A_0-3	2	26041346
12	117_2_A_3-6	2	26041347
12	117_2_A_AH	2	26041348
12	Std_0_2	2	26041350
12	Std_1_2	2	26041351
12	Std_2_2	2	26041352
12	Std_3_2	2	26041353
12	Std_4_2	2	26041354
12	Std_5_2	2	26041355
12	QC12i	2	26041356
13	QC13a	1	26041401
13	Std_0_1	1	26041402
13	Std_1_1	1	26041403
13	Std_2_1	1	26041404
13	Std_3_1	1	26041405
13	Std_4_1	1	26041406
13	Std_5_1	1	26041407
13	QC13b	1	26041408
13	024_1_A_0-3	1	26041410
13	024_1_A_AH	1	26041411
13	024_1_A_BL	1	26041412
13	024_1_A_3-6	1	26041413
13	QC13c	1	26041414
13	240_3_B_AH	1	26041415
13	240_3_B_3-6	1	26041416
13	240_3_B_0-3	1	26041417
13	240_3_B_BL	1	26041418
13	212_3_B_3-6	1	26041419
13	QC13d	1	26041420
13	212_3_B_BL	1	26041421
13	212_3_B_AH	1	26041422
13	212_3_B_0-3	1	26041423
13	149_2_A_AH	1	26041424
13	149_2_A_BL	1	26041425
13	QC13e	1	26041426
13	149_2_A_3-6	1	26041427
13	149_2_A_0-3	1	26041428
13	230_3_B_AH	2	26041429
13	230_3_B_0-3	2	26041430
13	230_3_B_3-6	2	26041431
13	QC13f	2	26041432
13	230_3_B_BL	2	26041433
13	211_3_A_3-6	2	26041434
13	211_3_A_AH	2	26041435
13	211_3_A_BL	2	26041436
13	211_3_A_0-3	2	26041437
13	QC13g	2	26041438
13	124_2_A_0-3	2	26041439
13	124_2_A_3-6	2	26041441
13	231_3_A_AH	2	26041443
13	QC13h	2	26041444
13	231_3_A_BL	2	26041445
13	231_3_A_3-6	2	26041446
13	231_3_A_0-3	2	26041447
13	Std_0_2	2	26041449
13	Std_1_2	2	26041450
13	Std_2_2	2	26041451
13	Std_3_2	2	26041452
13	Std_4_2	2	26041453
13	Std_5_2	2	26041454
13	QC13i	2	26041455
14	QC14a	1	26042002
14	Std_0_1	1	26042003
14	Std_1_1	1	26042004
14	Std_2_1	1	26042005
14	Std_3_1	1	26042006
14	Std_4_1	1	26042007
14	Std_5_1	1	26042008
14	QC14b	1	26042009
14	223_1_A_0-3	1	26042011
14	223_1_A_3-6	1	26042012
14	223_1_A_BL	1	26042013
14	223_1_A_AH	1	26042014
14	QC14c	1	26042015
14	238_3_A_3-6	1	26042016
14	238_3_A_BL	1	26042017
14	238_3_A_0-3	1	26042018
14	238_3_A_AH	1	26042019
14	242_3_A_3-6	1	26042020
14	QC14d	1	26042021
14	242_3_A_AH	1	26042022
14	242_3_A_BL	1	26042023
14	242_3_A_0-3	1	26042024
14	164_2_A_0-3	1	26042025
14	164_2_A_AH	1	26042026
14	QC14e	1	26042027
14	164_2_A_BL	1	26042028
14	164_2_A_3-6	1	26042029
14	235_3_A_0-3	2	26042030
14	235_3_A_BL	2	26042031
14	235_3_A_3-6	2	26042032
14	QC14f	2	26042033
14	235_3_A_AH	2	26042034
14	095_1_A_AH	2	26042035
14	095_1_A_0-3	2	26042036
14	095_1_A_BL	2	26042037
14	095_1_A_3-6	2	26042038
14	QC14g	2	26042039
14	244_3_A_BL	2	26042040
14	244_3_A_AH	2	26042041
14	244_3_A_0-3	2	26042042
14	244_3_A_3-6	2	26042043
14	229_3_B_AH	2	26042044
14	QC14h	2	26042045
14	229_3_B_0-3	2	26042046
14	229_3_B_BL	2	26042047
14	229_3_B_3-6	2	26042048
14	Std_0_2	2	26042050
14	Std_1_2	2	26042051
14	Std_2_2	2	26042052
14	Std_3_2	2	26042053
14	Std_4_2	2	26042054
14	Std_5_2	2	26042055
14	QC14i	2	26042056
15	QC15a	1	26042101
15	Std_0_1	1	26042102
15	Std_1_1	1	26042103
15	Std_2_1	1	26042104
15	Std_3_1	1	26042105
15	Std_4_1	1	26042106
15	Std_5_1	1	26042107
15	QC15b	1	26042108
15	QC15c	1	26042114
15	QC15d	1	26042120
15	QC15e	1	26042126
15	QC15f	2	26042132
15	QC15g	2	26042138
15	QC15h	2	26042144
15	Std_0_2	2	26042149
15	Std_1_2	2	26042150
15	Std_2_2	2	26042151
15	Std_3_2	2	26042152
15	Std_4_2	2	26042153
15	Std_5_2	2	26042154
15	QC15i	2	26042155
5	QC5a	1	26031001
5	Std_0_1	1	26031002
5	Std_1_1	1	26031003
5	Std_2_1	1	26031004
5	Std_3_1	1	26031005
5	Std_4_1	1	26031006
5	Std_5_1	1	26031007
5	QC5b	1	26031008
5	Blank5a	1	26031009
5	QC5c	1	26031014
5	QC5d	1	26031020
5	130_3_A_BL	2	26031024
5	130_3_A_0-3	2	26031025
5	QC5e	2	26031026
5	130_3_A_3-6	2	26031027
5	130_3_A_AH	1	26031028
5	110_3_A_3-6	2	26031029
5	110_3_A_AH	2	26031030
5	110_3_A_BL	2	26031031
5	QC5f	2	26031032
5	110_3_A_0-3	2	26031033
5	QC5g	2	26031038
5	136_3_A_AH	1	26031042
5	QC5h	2	26031043
5	136_3_A_0-3	2	26031044
5	136_3_A_3-6	2	26031045
5	136_3_A_BL	2	26031046
5	Blank5b	2	26031047
5	Std_0_2	2	26031048
5	Std_1_2	2	26031049
5	Std_2_2	2	26031050
5	Std_3_2	2	26031051
5	Std_4_2	2	26031052
5	Std_5_2	2	26031053
5	QC5i	2	26031054
11	QC11a	1	26040702
11	Std_0_1	1	26040703
11	Std_1_1	1	26040704
11	Std_2_1	1	26040705
11	Std_3_1	1	26040706
11	Std_4_1	1	26040707
11	Std_5_1	1	26040708
11	QC11b	1	26040709
11	Blank11a	2	26040710
11	197_1_A_BL	2	26040711
11	197_1_A_AH	1	26040712
11	197_1_A_0-3	1	26040713
11	197_1_A_3-6	1	26040714
11	QC11c	1	26040715
11	158_3_A_0-3	1	26040716
11	158_3_A_3-6	1	26040717
11	158_3_A_AH	2	26040718
11	158_3_A_BL	2	26040719
11	038_2_A_3-6	1	26040720
11	QC11d	1	26040721
11	038_2_A_BL	1	26040722
11	038_2_A_0-3	2	26040723
11	038_2_A_AH	2	26040724
11	011_2_A_3-6	1	26040725
11	011_2_A_AH	2	26040726
11	QC11e	1	26040727
11	011_2_A_BL	2	26040728
11	011_2_A_0-3	2	26040729
11	015_1_A_0-3	2	26040730
11	015_1_A_AH	2	26040731
11	015_1_A_3-6	2	26040732
11	QC11f	2	26040733
11	015_1_A_BL	2	26040734
11	042_3_A_BL	2	26040735
11	042_3_A_0-3	2	26040736
11	042_3_A_AH	2	26040737
11	042_3_A_3-6	2	26040738
11	QC11g	2	26040739
11	144_3_A_BL	2	26040740
11	144_3_A_0-3	2	26040741
11	144_3_A_3-6	2	26040742
11	168_3_A_0-3	2	26040744
11	QC11h	1	26040745
11	168_3_A_3-6	2	26040746
11	168_3_A_AH	2	26040747
11	168_3_A_BL	2	26040748
11	Blank11b	2	26040749
11	Std_0_2	2	26040750
11	Std_1_2	2	26040751
11	Std_2_2	2	26040752
11	Std_3_2	2	26040753
11	Std_4_2	2	26040754
11	Std_5_2	2	26040755
11	QC11i	2	26040756
16	QC16a	1	26051902
16	QC13k	1	26051903
16	Std_0_1	1	26051904
16	Std_1_1	1	26051905
16	Std_2_1	1	26051906
16	Std_3_1	1	26051907
16	Std_4_1	1	26051908
16	Std_5_1	1	26051909
16	Std_6_1	1	26051910
16	Std_7_1	1	26051911
16	Std_8_1	1	26051912
16	QC16b	1	26051913
16	QC13l	1	26051914
16	Blank16a	1	26051915
16	Bla07_3-6	1	26051916
16	Bla19_0-3	1	26051917
16	Bla09_3-6	1	26051918
16	Bla12_3-6	1	26051919
16	QC16c	1	26051920
16	QC13m	1	26051921
16	Bla10_3-6	1	26051922
16	Bla05_3-6	1	26051923
16	150_3_A_BL	1	26051924
16	077_2_A_BL	1	26051925
16	193_3_A_AH	1	26051926
16	QC16d	1	26051927
16	QC14k	1	26051928
16	177_3_A_AH	1	26051929
16	144_3_A_AH	1	26051930
16	124_2_A_AH	1	26051931
16	124_2_A_BL	1	26051932
16	007_1_A_0-3	1	26051933
16	QC14l	2	26051935
16	007_1_A_AH	2	26051936
16	007_1_A_BL	2	26051937
16	007_1_A_3-6	2	26051938
16	209_3_A_AH	2	26051939
16	209_3_A_0-3	2	26051940
16	QC16f	2	26051941
16	QC15k	2	26051942
16	209_3_A_BL	1	26051943
16	209_3_A_3-6	2	26051944
16	027_1_A_0-3	2	26051945
16	027_1_A_AH	2	26051946
16	027_1_A_3-6	2	26051947
16	QC16g	2	26051948
16	QC15l	2	26051949
16	027_1_A_BL	1	26051950
16	Blank16b	1	26051952
16	Std_0_2	1	26051953
16	Std_1_2	2	26051954
16	Std_2_2	2	26051955
16	Std_3_2	2	26051956
16	Std_4_2	2	26051957
16	Std_5_2	2	26051958
16	Std_6_2	2	26051959
16	Std_7_2	2	26051960
16	Std_8_2	2	26051961
16	QC16i	2	26051962
16	QC15m	2	26051963
17	QC17a	1	26062402
17	QC10k	1	26062403
17	Std_0_1	1	26062404
17	Std_1_1	1	26062405
17	Std_2_1	1	26062406
17	Std_3_1	1	26062407
17	Std_4_1	1	26062408
17	Std_5_1	1	26062409
17	QC17b	1	26062410
17	QC10l	1	26062411
17	Blank17a	1	26062412
17	Blank17b	1	26062413
17	Blank17c	2	26062414
17	116_3_B_AH	1	26062415
17	116_3_B_BL	1	26062416
17	116_3_B_3-6	1	26062417
17	116_3_B_0-3	1	26062418
17	QC17c	1	26062419
17	QC10m	1	26062420
17	Blank17d	2	26062421
17	154_3_B_3-6	2	26062422
17	154_3_B_AH	2	26062423
17	154_3_B_BL	2	26062424
17	154_3_B_0-3	2	26062425
17	QC17d	2	26062426
17	QC11k	2	26062427
17	Blank17e	2	26062428
17	102_2_B_BL	2	26062429
17	102_2_B_0-3	2	26062430
17	102_2_B_AH	2	26062431
17	102_2_B_3-6	2	26062432
17	QC17e	2	26062433
17	QC11l	2	26062434
17	Blank17f	2	26062435
17	145_3_B_0-3	2	26062436
17	145_3_B_3-6	2	26062437
17	145_3_B_BL	2	26062438
17	145_3_B_AH	2	26062439
17	QC17f	2	26062440
17	QC11m	2	26062441
17	Blank17g	2	26062442
17	035_2_B_0-3	2	26062443
17	035_2_B_AH	2	26062444
17	035_2_B_3-6	2	26062445
17	035_2_B_BL	2	26062446
17	Blank17h	2	26062447
17	Std_0_2	2	26062448
17	Std_1_2	2	26062449
17	Std_2_2	2	26062450
17	Std_3_2	2	26062451
17	Std_4_2	2	26062452
17	Std_5_2	2	26062453
17	QC17g	2	26062454
17	QC12k	2	26062455
