study_id	screen_group	sex	timepoint	treatment	compound	value
LB113	LM-A	1	Baseline	Lactose	galactose_ug	0.56035992443916
LB113	LM-A	1	Baseline	Lactose	lactose_ug	1.40310917567735
LB113	LM-A	1	Baseline	Lactose	galactitol_ug	0.663980200790015
LB113	LM-A	1	Baseline	Lactose	galactonate_ug	4.84156265440851
LB113	LM-A	1	3-6h	Lactose	galactose_ug	43.44311251588
LB113	LM-A	1	3-6h	Lactose	lactose_ug	144.141739276318
LB113	LM-A	1	3-6h	Lactose	galactitol_ug	31.654206948671
LB113	LM-A	1	3-6h	Lactose	galactonate_ug	118.797336593264
LB113	LM-A	1	0-3h	Lactose	galactose_ug	16.4368976601307
LB113	LM-A	1	0-3h	Lactose	lactose_ug	20.4064794574869
LB113	LM-A	1	0-3h	Lactose	galactitol_ug	3.87093053273965
LB113	LM-A	1	0-3h	Lactose	galactonate_ug	26.0317727428322
LB137	LM-S	2	Baseline	Lactose	galactose_ug	1.05612189439356
LB137	LM-S	2	Baseline	Lactose	lactose_ug	2.16992187455643
LB137	LM-S	2	Baseline	Lactose	galactitol_ug	1.51785161789109
LB137	LM-S	2	Baseline	Lactose	galactonate_ug	3.39429124994295
LB137	LM-S	2	3-6h	Lactose	galactose_ug	4.187971552795
LB137	LM-S	2	3-6h	Lactose	lactose_ug	116.597969398906
LB137	LM-S	2	3-6h	Lactose	galactitol_ug	28.4666605411608
LB137	LM-S	2	3-6h	Lactose	galactonate_ug	79.7776794828875
LB137	LM-S	2	0-3h	Lactose	galactose_ug	39.5608328780201
LB137	LM-S	2	0-3h	Lactose	lactose_ug	65.3072164977664
LB137	LM-S	2	0-3h	Lactose	galactitol_ug	18.5396457305805
LB137	LM-S	2	0-3h	Lactose	galactonate_ug	48.0995423299609
LB142	LM-S	1	3-6h	Lactose	galactose_ug	4.16344238396133
LB142	LM-S	1	3-6h	Lactose	lactose_ug	19.507285540666
LB142	LM-S	1	3-6h	Lactose	galactitol_ug	4.47570999840102
LB142	LM-S	1	3-6h	Lactose	galactonate_ug	17.9337001804541
LB142	LM-S	1	0-3h	Lactose	galactose_ug	22.7615384973108
LB142	LM-S	1	0-3h	Lactose	lactose_ug	50.862449650259
LB142	LM-S	1	0-3h	Lactose	galactitol_ug	9.61472389461666
LB142	LM-S	1	0-3h	Lactose	galactonate_ug	29.9941496548152
LB142	LM-S	1	Baseline	Lactose	galactose_ug	3.38469604031813
LB142	LM-S	1	Baseline	Lactose	lactose_ug	6.84278690780715
LB142	LM-S	1	Baseline	Lactose	galactitol_ug	3.05864160055997
LB142	LM-S	1	Baseline	Lactose	galactonate_ug	8.20046316100025
LB107	Control	1	3-6h	Lactose	galactose_ug	3.73044344986682
LB107	Control	1	3-6h	Lactose	lactose_ug	17.8231329295829
LB107	Control	1	3-6h	Lactose	galactitol_ug	22.9339371041565
LB107	Control	1	3-6h	Lactose	galactonate_ug	108.424982961389
LB107	Control	1	0-3h	Lactose	galactose_ug	38.4604224071344
LB107	Control	1	0-3h	Lactose	lactose_ug	35.9609609740336
LB107	Control	1	0-3h	Lactose	galactitol_ug	23.4154536109007
LB107	Control	1	0-3h	Lactose	galactonate_ug	80.5322432429988
LB107	Control	1	Baseline	Lactose	galactose_ug	1.60917799520371
LB107	Control	1	Baseline	Lactose	lactose_ug	2.50004073979986
LB107	Control	1	Baseline	Lactose	galactitol_ug	3.4745899531338
LB107	Control	1	Baseline	Lactose	galactonate_ug	12.7630646952319
LB112	Control	2	Baseline	Lactose	galactose_ug	1.21414334534871
LB112	Control	2	Baseline	Lactose	lactose_ug	3.84689925384976
LB112	Control	2	Baseline	Lactose	galactitol_ug	2.53964263236426
LB112	Control	2	Baseline	Lactose	galactonate_ug	4.00435284494582
LB112	Control	2	0-3h	Lactose	galactose_ug	156.938031070808
LB112	Control	2	0-3h	Lactose	lactose_ug	46.1009206890583
LB112	Control	2	0-3h	Lactose	galactitol_ug	30.7386278236828
LB112	Control	2	0-3h	Lactose	galactonate_ug	94.5856824412448
LB112	Control	2	3-6h	Lactose	galactose_ug	13.2644104804701
LB112	Control	2	3-6h	Lactose	lactose_ug	21.1562103053731
LB112	Control	2	3-6h	Lactose	galactitol_ug	18.2449217838846
LB112	Control	2	3-6h	Lactose	galactonate_ug	89.0749502818919
LB126	LM-S	1	Baseline	Lactose	galactose_ug	1.89791477560715
LB126	LM-S	1	Baseline	Lactose	lactose_ug	5.2350383170226
LB126	LM-S	1	Baseline	Lactose	galactitol_ug	3.43152332119768
LB126	LM-S	1	Baseline	Lactose	galactonate_ug	9.17192941999773
LB126	LM-S	1	0-3h	Lactose	galactose_ug	26.3538844809903
LB126	LM-S	1	0-3h	Lactose	lactose_ug	53.6157935439706
LB126	LM-S	1	0-3h	Lactose	galactitol_ug	6.33945841736
LB126	LM-S	1	0-3h	Lactose	galactonate_ug	18.6274711356491
LB126	LM-S	1	3-6h	Lactose	galactose_ug	18.3243052586081
LB126	LM-S	1	3-6h	Lactose	lactose_ug	90.7786960022193
LB126	LM-S	1	3-6h	Lactose	galactitol_ug	14.5701824880297
LB126	LM-S	1	3-6h	Lactose	galactonate_ug	57.8041422233856
LB047	LM-S	2	3-6h	Lactose	galactose_ug	10.7859600272
LB047	LM-S	2	3-6h	Lactose	lactose_ug	345.415038488207
LB047	LM-S	2	3-6h	Lactose	galactitol_ug	22.8645830043638
LB047	LM-S	2	3-6h	Lactose	galactonate_ug	84.9921872454327
LB047	LM-S	2	Baseline	Lactose	galactose_ug	1.08001472892583
LB047	LM-S	2	Baseline	Lactose	lactose_ug	2.1008599484286
LB047	LM-S	2	Baseline	Lactose	galactitol_ug	2.30887694565153
LB047	LM-S	2	Baseline	Lactose	galactonate_ug	6.661041834804
LB047	LM-S	2	0-3h	Lactose	galactose_ug	50.0029439276691
LB047	LM-S	2	0-3h	Lactose	lactose_ug	69.6729692978264
LB047	LM-S	2	0-3h	Lactose	galactitol_ug	10.0476935990607
LB047	LM-S	2	0-3h	Lactose	galactonate_ug	33.3854086296266
LB010	Control	1	Baseline	Lactose	galactose_ug	2.02227161348213
LB010	Control	1	Baseline	Lactose	lactose_ug	4.56255630875092
LB010	Control	1	Baseline	Lactose	galactitol_ug	3.11759351945562
LB010	Control	1	Baseline	Lactose	galactonate_ug	6.75049102208434
LB010	Control	1	3-6h	Lactose	galactose_ug	12.7200792196358
LB010	Control	1	3-6h	Lactose	lactose_ug	22.0355178528595
LB010	Control	1	3-6h	Lactose	galactitol_ug	21.4677910874479
LB010	Control	1	3-6h	Lactose	galactonate_ug	86.9195925911538
LB010	Control	1	0-3h	Lactose	galactose_ug	239.697072999342
LB010	Control	1	0-3h	Lactose	lactose_ug	29.613823666925
LB010	Control	1	0-3h	Lactose	galactitol_ug	24.1718484683087
LB010	Control	1	0-3h	Lactose	galactonate_ug	63.7013214446965
LB059	LM-A	2	Baseline	Lactose	galactose_ug	2.40703111210583
LB059	LM-A	2	Baseline	Lactose	lactose_ug	5.21113884665126
LB059	LM-A	2	Baseline	Lactose	galactitol_ug	4.48534073088922
LB059	LM-A	2	Baseline	Lactose	galactonate_ug	7.81070040634679
LB059	LM-A	2	3-6h	Lactose	galactose_ug	6.71419680463292
LB059	LM-A	2	3-6h	Lactose	lactose_ug	89.986763189762
LB059	LM-A	2	3-6h	Lactose	galactitol_ug	19.6986551884793
LB059	LM-A	2	3-6h	Lactose	galactonate_ug	57.8195287955699
LB059	LM-A	2	0-3h	Lactose	galactose_ug	113.030733054534
LB059	LM-A	2	0-3h	Lactose	lactose_ug	56.4562568667948
LB059	LM-A	2	0-3h	Lactose	galactitol_ug	13.1190361330649
LB059	LM-A	2	0-3h	Lactose	galactonate_ug	45.4262998530189
LB123	LM-A	2	Baseline	Lactose	galactose_ug	3.69270022634233
LB123	LM-A	2	Baseline	Lactose	lactose_ug	5.89463844619139
LB123	LM-A	2	Baseline	Lactose	galactitol_ug	2.28380704213656
LB123	LM-A	2	Baseline	Lactose	galactonate_ug	8.44253375963588
LB123	LM-A	2	0-3h	Lactose	galactose_ug	85.8578821908344
LB123	LM-A	2	0-3h	Lactose	lactose_ug	52.5901618711914
LB123	LM-A	2	0-3h	Lactose	galactitol_ug	18.4861120820505
LB123	LM-A	2	0-3h	Lactose	galactonate_ug	65.7252029080052
LB123	LM-A	2	3-6h	Lactose	galactose_ug	15.8026394571698
LB123	LM-A	2	3-6h	Lactose	lactose_ug	63.1503894467894
LB123	LM-A	2	3-6h	Lactose	galactitol_ug	20.7293575765987
LB123	LM-A	2	3-6h	Lactose	galactonate_ug	85.2858845070399
LB065	LM-S	2	0-3h	Lactose	galactose_ug	57.6761185386954
LB065	LM-S	2	0-3h	Lactose	lactose_ug	84.3769289852297
LB065	LM-S	2	0-3h	Lactose	galactitol_ug	15.549996092766
LB065	LM-S	2	0-3h	Lactose	galactonate_ug	44.9876108483983
LB065	LM-S	2	Baseline	Lactose	galactose_ug	4.4254087955464
LB065	LM-S	2	Baseline	Lactose	lactose_ug	6.91262197465557
LB065	LM-S	2	Baseline	Lactose	galactitol_ug	6.94223611116799
LB065	LM-S	2	Baseline	Lactose	galactonate_ug	21.3857588652179
LB065	LM-S	2	3-6h	Lactose	galactose_ug	6.21900648861687
LB065	LM-S	2	3-6h	Lactose	lactose_ug	88.1813073427003
LB065	LM-S	2	3-6h	Lactose	galactitol_ug	12.048148030674
LB065	LM-S	2	3-6h	Lactose	galactonate_ug	38.5321498610192
LB111	LM-S	2	Baseline	Glucose	galactose_ug	1.3766074390453
LB111	LM-S	2	Baseline	Glucose	lactose_ug	1.96608441958621
LB111	LM-S	2	Baseline	Glucose	galactitol_ug	3.22801308947183
LB111	LM-S	2	Baseline	Glucose	galactonate_ug	7.64380183727657
LB111	LM-S	2	3-6h	Glucose	galactose_ug	7.18367993913223
LB111	LM-S	2	3-6h	Glucose	lactose_ug	0.721367227477777
LB111	LM-S	2	3-6h	Glucose	galactitol_ug	3.44917435804529
LB111	LM-S	2	3-6h	Glucose	galactonate_ug	14.6719922839133
LB111	LM-S	2	0-3h	Glucose	galactose_ug	10.9806539414149
LB111	LM-S	2	0-3h	Glucose	lactose_ug	1.23660041478199
LB111	LM-S	2	0-3h	Glucose	galactitol_ug	4.68835379690649
LB111	LM-S	2	0-3h	Glucose	galactonate_ug	22.2715220680326
LB044	LM-S	2	Baseline	Lactose	galactose_ug	1.09467417779253
LB044	LM-S	2	Baseline	Lactose	lactose_ug	2.43004783676208
LB044	LM-S	2	Baseline	Lactose	galactitol_ug	2.96347521132127
LB044	LM-S	2	Baseline	Lactose	galactonate_ug	6.13272882330214
LB044	LM-S	2	3-6h	Lactose	galactose_ug	32.5485980680065
LB044	LM-S	2	3-6h	Lactose	lactose_ug	112.665616813634
LB044	LM-S	2	3-6h	Lactose	galactitol_ug	20.262362196522
LB044	LM-S	2	3-6h	Lactose	galactonate_ug	65.5700336251592
LB044	LM-S	2	0-3h	Lactose	galactose_ug	26.9208695865067
LB044	LM-S	2	0-3h	Lactose	lactose_ug	47.9620656840733
LB044	LM-S	2	0-3h	Lactose	galactitol_ug	5.67758626003777
LB044	LM-S	2	0-3h	Lactose	galactonate_ug	12.0533147672003
LB079	LM-S	1	3-6h	Glucose	galactose_ug	10.5888227001404
LB079	LM-S	1	3-6h	Glucose	lactose_ug	1.36186017038408
LB079	LM-S	1	3-6h	Glucose	galactitol_ug	4.80973450209619
LB079	LM-S	1	3-6h	Glucose	galactonate_ug	22.0998094143215
LB079	LM-S	1	Baseline	Glucose	galactose_ug	0.672544035980806
LB079	LM-S	1	Baseline	Glucose	lactose_ug	0.813265675782017
LB079	LM-S	1	Baseline	Glucose	galactitol_ug	1.23324523647845
LB079	LM-S	1	Baseline	Glucose	galactonate_ug	3.88905766922954
LB079	LM-S	1	0-3h	Glucose	galactose_ug	9.09092630000302
LB079	LM-S	1	0-3h	Glucose	lactose_ug	1.00511810576755
LB079	LM-S	1	0-3h	Glucose	galactitol_ug	4.02127759537449
LB079	LM-S	1	0-3h	Glucose	galactonate_ug	20.3638649323657
LB210	LM-S	1	Baseline	Lactose	galactose_ug	-0.146145626722959
LB210	LM-S	1	Baseline	Lactose	lactose_ug	-0.264514394607484
LB210	LM-S	1	Baseline	Lactose	galactitol_ug	-0.255881547772996
LB210	LM-S	1	Baseline	Lactose	galactonate_ug	-1.34658256886565
LB210	LM-S	1	0-3h	Lactose	galactose_ug	51.300402908721
LB210	LM-S	1	0-3h	Lactose	lactose_ug	63.9136853470483
LB210	LM-S	1	0-3h	Lactose	galactitol_ug	13.6568415551788
LB210	LM-S	1	0-3h	Lactose	galactonate_ug	58.6304083891538
LB210	LM-S	1	3-6h	Lactose	galactose_ug	9.99488149791597
LB210	LM-S	1	3-6h	Lactose	lactose_ug	34.3439400943163
LB210	LM-S	1	3-6h	Lactose	galactitol_ug	12.9324361796756
LB210	LM-S	1	3-6h	Lactose	galactonate_ug	63.0638210502791
LB072	Control	1	0-3h	Lactose	galactose_ug	119.140390484539
LB072	Control	1	0-3h	Lactose	lactose_ug	20.858188882109
LB072	Control	1	0-3h	Lactose	galactitol_ug	21.7138504683683
LB072	Control	1	0-3h	Lactose	galactonate_ug	45.3076640733595
LB072	Control	1	Baseline	Lactose	galactose_ug	1.20532498570859
LB072	Control	1	Baseline	Lactose	lactose_ug	2.68661456762757
LB072	Control	1	Baseline	Lactose	galactitol_ug	1.85052706734531
LB072	Control	1	Baseline	Lactose	galactonate_ug	5.26323759404405
LB072	Control	1	3-6h	Lactose	galactose_ug	10.4820583810338
LB072	Control	1	3-6h	Lactose	lactose_ug	14.2635515668737
LB072	Control	1	3-6h	Lactose	galactitol_ug	42.2997026333801
LB072	Control	1	3-6h	Lactose	galactonate_ug	125.495694065345
LB150	LM-S	1	0-3h	Lactose	galactose_ug	14.5298313061979
LB150	LM-S	1	0-3h	Lactose	lactose_ug	29.8674692072662
LB150	LM-S	1	0-3h	Lactose	galactitol_ug	3.98700216284263
LB150	LM-S	1	0-3h	Lactose	galactonate_ug	14.0720051794779
LB150	LM-S	1	3-6h	Lactose	galactose_ug	5.71681686620316
LB150	LM-S	1	3-6h	Lactose	lactose_ug	66.2904755242868
LB150	LM-S	1	3-6h	Lactose	galactitol_ug	8.62216289589509
LB150	LM-S	1	3-6h	Lactose	galactonate_ug	32.3042666263144
LB171	LM-S	2	Baseline	Lactose	galactose_ug	1.43577167951503
LB171	LM-S	2	Baseline	Lactose	lactose_ug	2.11661485858722
LB171	LM-S	2	Baseline	Lactose	galactitol_ug	2.6590594439744
LB171	LM-S	2	Baseline	Lactose	galactonate_ug	33.010336418518
LB171	LM-S	2	0-3h	Lactose	galactose_ug	39.4797134079184
LB171	LM-S	2	0-3h	Lactose	lactose_ug	78.3037322690389
LB171	LM-S	2	0-3h	Lactose	galactitol_ug	15.3556213465497
LB171	LM-S	2	0-3h	Lactose	galactonate_ug	98.8451776563285
LB171	LM-S	2	3-6h	Lactose	galactose_ug	9.57953625187472
LB171	LM-S	2	3-6h	Lactose	lactose_ug	101.279549548833
LB171	LM-S	2	3-6h	Lactose	galactitol_ug	17.7825100614019
LB171	LM-S	2	3-6h	Lactose	galactonate_ug	98.8275297671891
LB180	LM-S	1	0-3h	Lactose	galactose_ug	38.098415770372
LB180	LM-S	1	0-3h	Lactose	lactose_ug	67.6968169104941
LB180	LM-S	1	0-3h	Lactose	galactitol_ug	13.1150119436629
LB180	LM-S	1	0-3h	Lactose	galactonate_ug	47.8346758933892
LB180	LM-S	1	Baseline	Lactose	galactose_ug	0.543291090832144
LB180	LM-S	1	Baseline	Lactose	lactose_ug	1.18694084893399
LB180	LM-S	1	Baseline	Lactose	galactitol_ug	0.694123646717028
LB180	LM-S	1	Baseline	Lactose	galactonate_ug	1.55050299462238
LB180	LM-S	1	3-6h	Lactose	galactose_ug	14.7259830351566
LB180	LM-S	1	3-6h	Lactose	lactose_ug	70.8145647492774
LB180	LM-S	1	3-6h	Lactose	galactitol_ug	11.6847842401669
LB180	LM-S	1	3-6h	Lactose	galactonate_ug	54.3677466079536
LB029	LM-A	1	Baseline	Lactose	galactose_ug	1.5985352608335
LB029	LM-A	1	Baseline	Lactose	lactose_ug	3.14365248254826
LB029	LM-A	1	Baseline	Lactose	galactitol_ug	2.80042719980064
LB029	LM-A	1	Baseline	Lactose	galactonate_ug	6.270506469641
LB029	LM-A	1	0-3h	Lactose	galactose_ug	24.8673523598892
LB029	LM-A	1	0-3h	Lactose	lactose_ug	59.7195077134911
LB029	LM-A	1	0-3h	Lactose	galactitol_ug	6.04666495465493
LB029	LM-A	1	0-3h	Lactose	galactonate_ug	22.9830005911642
LB029	LM-A	1	3-6h	Lactose	galactose_ug	8.7060042051043
LB029	LM-A	1	3-6h	Lactose	lactose_ug	57.8036273297026
LB029	LM-A	1	3-6h	Lactose	galactitol_ug	10.1740180066383
LB029	LM-A	1	3-6h	Lactose	galactonate_ug	37.8328498937412
LB172	LM-S	2	0-3h	Lactose	galactose_ug	11.1976905845241
LB172	LM-S	2	0-3h	Lactose	lactose_ug	121.594158775112
LB172	LM-S	2	0-3h	Lactose	galactitol_ug	12.5273857790393
LB172	LM-S	2	0-3h	Lactose	galactonate_ug	32.0011645736337
LB172	LM-S	2	3-6h	Lactose	galactose_ug	9.84503966560795
LB172	LM-S	2	3-6h	Lactose	lactose_ug	103.9379123777
LB172	LM-S	2	3-6h	Lactose	galactitol_ug	14.4207064866671
LB172	LM-S	2	3-6h	Lactose	galactonate_ug	52.0120642488192
LB172	LM-S	2	Baseline	Lactose	galactose_ug	2.15245133741254
LB172	LM-S	2	Baseline	Lactose	lactose_ug	5.7872864810019
LB172	LM-S	2	Baseline	Lactose	galactitol_ug	5.00192974624237
LB172	LM-S	2	Baseline	Lactose	galactonate_ug	11.3594554738609
LB106	Control	2	Baseline	Lactose	galactose_ug	1.75829665266275
LB106	Control	2	Baseline	Lactose	lactose_ug	3.4987663583824
LB106	Control	2	Baseline	Lactose	galactitol_ug	2.73436355823293
LB106	Control	2	Baseline	Lactose	galactonate_ug	7.0608615577895
LB106	Control	2	0-3h	Lactose	galactose_ug	71.2052579657555
LB106	Control	2	0-3h	Lactose	lactose_ug	40.5385241395565
LB106	Control	2	0-3h	Lactose	galactitol_ug	31.4161507303556
LB106	Control	2	0-3h	Lactose	galactonate_ug	93.7066920145554
LB106	Control	2	3-6h	Lactose	galactose_ug	7.90110473838692
LB106	Control	2	3-6h	Lactose	lactose_ug	22.1793918973861
LB106	Control	2	3-6h	Lactose	galactitol_ug	33.050465170812
LB106	Control	2	3-6h	Lactose	galactonate_ug	118.494455549644
LB120	LM-S	2	3-6h	Lactose	galactose_ug	16.2031828772518
LB120	LM-S	2	3-6h	Lactose	lactose_ug	96.7446737699748
LB120	LM-S	2	3-6h	Lactose	galactitol_ug	32.7844056549654
LB120	LM-S	2	3-6h	Lactose	galactonate_ug	138.231970525739
LB120	LM-S	2	0-3h	Lactose	galactose_ug	44.8340673681922
LB120	LM-S	2	0-3h	Lactose	lactose_ug	51.1776365572822
LB120	LM-S	2	0-3h	Lactose	galactitol_ug	12.6720861221517
LB120	LM-S	2	0-3h	Lactose	galactonate_ug	38.4087870688267
LB120	LM-S	2	Baseline	Lactose	galactose_ug	1.05096340073388
LB120	LM-S	2	Baseline	Lactose	lactose_ug	1.91553844135106
LB120	LM-S	2	Baseline	Lactose	galactitol_ug	2.23850523837994
LB120	LM-S	2	Baseline	Lactose	galactonate_ug	3.15210585268283
LB077	LM-A	1	3-6h	Lactose	galactose_ug	6.57154754694872
LB077	LM-A	1	3-6h	Lactose	lactose_ug	69.644249241391
LB077	LM-A	1	3-6h	Lactose	galactitol_ug	16.3166174980156
LB077	LM-A	1	3-6h	Lactose	galactonate_ug	53.2792337052256
LB077	LM-A	1	0-3h	Lactose	galactose_ug	32.7784306120885
LB077	LM-A	1	0-3h	Lactose	lactose_ug	37.9340387950061
LB077	LM-A	1	0-3h	Lactose	galactitol_ug	7.32209790923144
LB077	LM-A	1	0-3h	Lactose	galactonate_ug	24.1706794944179
LB099	LM-S	1	3-6h	Lactose	galactose_ug	7.75900863244615
LB099	LM-S	1	3-6h	Lactose	lactose_ug	49.4142147021588
LB099	LM-S	1	3-6h	Lactose	galactitol_ug	10.1373676114481
LB099	LM-S	1	3-6h	Lactose	galactonate_ug	45.0099488565001
LB099	LM-S	1	Baseline	Lactose	galactose_ug	0.756508966887013
LB099	LM-S	1	Baseline	Lactose	lactose_ug	1.66977988048098
LB099	LM-S	1	Baseline	Lactose	galactitol_ug	1.64714154571042
LB099	LM-S	1	Baseline	Lactose	galactonate_ug	3.00929465500045
LB099	LM-S	1	0-3h	Lactose	galactose_ug	19.4289333073605
LB099	LM-S	1	0-3h	Lactose	lactose_ug	71.4665539576856
LB099	LM-S	1	0-3h	Lactose	galactitol_ug	14.0458817553684
LB099	LM-S	1	0-3h	Lactose	galactonate_ug	42.9414044177405
LB159	LM-S	1	Baseline	Lactose	galactose_ug	1.33392381413203
LB159	LM-S	1	Baseline	Lactose	lactose_ug	2.77330746336154
LB159	LM-S	1	Baseline	Lactose	galactitol_ug	2.2883706216573
LB159	LM-S	1	Baseline	Lactose	galactonate_ug	9.97563569825242
LB159	LM-S	1	0-3h	Lactose	galactose_ug	14.549039617999
LB159	LM-S	1	0-3h	Lactose	lactose_ug	19.7686515556664
LB159	LM-S	1	0-3h	Lactose	galactitol_ug	3.47253185900875
LB159	LM-S	1	0-3h	Lactose	galactonate_ug	13.3902850350927
LB159	LM-S	1	3-6h	Lactose	galactose_ug	13.7290363668658
LB159	LM-S	1	3-6h	Lactose	lactose_ug	98.3408353002831
LB159	LM-S	1	3-6h	Lactose	galactitol_ug	17.9447941527352
LB159	LM-S	1	3-6h	Lactose	galactonate_ug	62.2064036504605
LB225	LM-S	2	3-6h	Lactose	galactose_ug	12.2487679630711
LB225	LM-S	2	3-6h	Lactose	lactose_ug	472.457398729888
LB225	LM-S	2	3-6h	Lactose	galactitol_ug	13.7861456229034
LB225	LM-S	2	3-6h	Lactose	galactonate_ug	55.0370299228731
LB225	LM-S	2	0-3h	Lactose	galactose_ug	50.1395914616045
LB225	LM-S	2	0-3h	Lactose	lactose_ug	90.834561690117
LB225	LM-S	2	0-3h	Lactose	galactitol_ug	18.7200035583976
LB225	LM-S	2	0-3h	Lactose	galactonate_ug	65.5908976691481
LB225	LM-S	2	Baseline	Lactose	galactose_ug	2.4640235863622
LB225	LM-S	2	Baseline	Lactose	lactose_ug	3.26468603465727
LB225	LM-S	2	Baseline	Lactose	galactitol_ug	1.90922781463564
LB225	LM-S	2	Baseline	Lactose	galactonate_ug	8.22883153176342
LB049	Control	2	Baseline	Lactose	galactose_ug	1.61913297931692
LB049	Control	2	Baseline	Lactose	lactose_ug	2.15847701893573
LB049	Control	2	Baseline	Lactose	galactitol_ug	2.77309818766853
LB049	Control	2	Baseline	Lactose	galactonate_ug	9.97205344286524
LB049	Control	2	0-3h	Lactose	galactose_ug	194.415801018592
LB049	Control	2	0-3h	Lactose	lactose_ug	44.9801624208746
LB049	Control	2	0-3h	Lactose	galactitol_ug	8.23029970985289
LB049	Control	2	0-3h	Lactose	galactonate_ug	32.6674814025093
LB049	Control	2	3-6h	Lactose	galactose_ug	24.2124739354133
LB049	Control	2	3-6h	Lactose	lactose_ug	54.2241908832159
LB049	Control	2	3-6h	Lactose	galactitol_ug	28.7060181384191
LB049	Control	2	3-6h	Lactose	galactonate_ug	120.875723740154
LB130	LM-S	2	Baseline	Lactose	galactose_ug	1.17651749992636
LB130	LM-S	2	Baseline	Lactose	lactose_ug	1.08702827896032
LB130	LM-S	2	Baseline	Lactose	galactitol_ug	1.7267035795649
LB130	LM-S	2	Baseline	Lactose	galactonate_ug	13.3555446740439
LB130	LM-S	2	0-3h	Lactose	galactose_ug	59.5605199154517
LB130	LM-S	2	0-3h	Lactose	lactose_ug	156.475846707486
LB130	LM-S	2	0-3h	Lactose	galactitol_ug	18.9167719460413
LB130	LM-S	2	0-3h	Lactose	galactonate_ug	98.2540673104216
LB130	LM-S	2	3-6h	Lactose	galactose_ug	5.44147531938767
LB130	LM-S	2	3-6h	Lactose	lactose_ug	177.158919400418
LB130	LM-S	2	3-6h	Lactose	galactitol_ug	16.3829229858622
LB130	LM-S	2	3-6h	Lactose	galactonate_ug	79.6405113643939
LB110	LM-S	2	3-6h	Lactose	galactose_ug	5.02380154302104
LB110	LM-S	2	3-6h	Lactose	lactose_ug	27.9890548111134
LB110	LM-S	2	3-6h	Lactose	galactitol_ug	11.5082689133168
LB110	LM-S	2	3-6h	Lactose	galactonate_ug	52.5214602133768
LB110	LM-S	2	Baseline	Lactose	galactose_ug	1.74730115528539
LB110	LM-S	2	Baseline	Lactose	lactose_ug	1.40323526200401
LB110	LM-S	2	Baseline	Lactose	galactitol_ug	2.59138874624778
LB110	LM-S	2	Baseline	Lactose	galactonate_ug	7.09300526710425
LB110	LM-S	2	0-3h	Lactose	galactose_ug	56.0649710333364
LB110	LM-S	2	0-3h	Lactose	lactose_ug	65.5161251104097
LB110	LM-S	2	0-3h	Lactose	galactitol_ug	17.4691502567406
LB110	LM-S	2	0-3h	Lactose	galactonate_ug	60.1810988923048
LB136	LM-S	1	0-3h	Lactose	galactose_ug	15.3327173603011
LB136	LM-S	1	0-3h	Lactose	lactose_ug	8.91390703519936
LB136	LM-S	1	0-3h	Lactose	galactitol_ug	2.30116078956072
LB136	LM-S	1	0-3h	Lactose	galactonate_ug	6.43572586619427
LB136	LM-S	1	3-6h	Lactose	galactose_ug	1.8206595959128
LB136	LM-S	1	3-6h	Lactose	lactose_ug	58.197215824707
LB136	LM-S	1	3-6h	Lactose	galactitol_ug	6.294948015117
LB136	LM-S	1	3-6h	Lactose	galactonate_ug	26.8350248715797
LB136	LM-S	1	Baseline	Lactose	galactose_ug	1.41731588975712
LB136	LM-S	1	Baseline	Lactose	lactose_ug	1.63663679867496
LB136	LM-S	1	Baseline	Lactose	galactitol_ug	2.07261430972839
LB136	LM-S	1	Baseline	Lactose	galactonate_ug	5.33885514686968
LB081	LM-A	1	0-3h	Lactose	galactose_ug	8.14043508735405
LB081	LM-A	1	0-3h	Lactose	lactose_ug	17.7422310034079
LB081	LM-A	1	0-3h	Lactose	galactitol_ug	3.48543020756693
LB081	LM-A	1	0-3h	Lactose	galactonate_ug	14.5967058938025
LB081	LM-A	1	3-6h	Lactose	galactose_ug	0
LB081	LM-A	1	3-6h	Lactose	lactose_ug	15.4214072360318
LB081	LM-A	1	3-6h	Lactose	galactitol_ug	2.12280439495153
LB081	LM-A	1	3-6h	Lactose	galactonate_ug	11.4485902801869
LB081	LM-A	1	Baseline	Lactose	galactose_ug	0.721486115458767
LB081	LM-A	1	Baseline	Lactose	lactose_ug	0
LB081	LM-A	1	Baseline	Lactose	galactitol_ug	0.34033702534181
LB081	LM-A	1	Baseline	Lactose	galactonate_ug	0.65007614048503
LB219	LM-S	2	0-3h	Lactose	galactose_ug	25.0945879863021
LB219	LM-S	2	0-3h	Lactose	lactose_ug	70.0535812815054
LB219	LM-S	2	0-3h	Lactose	galactitol_ug	4.68898526472195
LB219	LM-S	2	0-3h	Lactose	galactonate_ug	20.0224845737581
LB219	LM-S	2	3-6h	Lactose	galactose_ug	1.32866872884512
LB219	LM-S	2	3-6h	Lactose	lactose_ug	181.678697204965
LB219	LM-S	2	3-6h	Lactose	galactitol_ug	10.4031266932972
LB219	LM-S	2	3-6h	Lactose	galactonate_ug	60.336135808005
LB219	LM-S	2	Baseline	Lactose	galactose_ug	0.409906436898197
LB219	LM-S	2	Baseline	Lactose	lactose_ug	0
LB219	LM-S	2	Baseline	Lactose	galactitol_ug	1.42950275879766
LB219	LM-S	2	Baseline	Lactose	galactonate_ug	4.77856874865153
LB016	LM-A	1	0-3h	Lactose	galactose_ug	4.63317442880221
LB016	LM-A	1	0-3h	Lactose	lactose_ug	10.24769151946
LB016	LM-A	1	0-3h	Lactose	galactitol_ug	1.41278342248314
LB016	LM-A	1	0-3h	Lactose	galactonate_ug	4.14589343919788
LB016	LM-A	1	3-6h	Lactose	galactose_ug	6.15347643359803
LB016	LM-A	1	3-6h	Lactose	lactose_ug	113.373450834665
LB016	LM-A	1	3-6h	Lactose	galactitol_ug	10.4914773711223
LB016	LM-A	1	3-6h	Lactose	galactonate_ug	34.8234785575825
LB016	LM-A	1	Baseline	Lactose	galactose_ug	0.899752511757452
LB016	LM-A	1	Baseline	Lactose	lactose_ug	0
LB016	LM-A	1	Baseline	Lactose	galactitol_ug	1.49153815622614
LB016	LM-A	1	Baseline	Lactose	galactonate_ug	4.56774859330324
LB178	LM-S	2	3-6h	Glucose	galactose_ug	0.0256164398176118
LB178	LM-S	2	3-6h	Glucose	lactose_ug	0
LB178	LM-S	2	3-6h	Glucose	galactitol_ug	3.50940380460254
LB178	LM-S	2	3-6h	Glucose	galactonate_ug	5.65493725534541
LB178	LM-S	2	0-3h	Glucose	galactose_ug	0
LB178	LM-S	2	0-3h	Glucose	lactose_ug	0
LB178	LM-S	2	0-3h	Glucose	galactitol_ug	3.4363559786632
LB178	LM-S	2	0-3h	Glucose	galactonate_ug	8.30349694285976
LB178	LM-S	2	Baseline	Glucose	galactose_ug	0.791562981993252
LB178	LM-S	2	Baseline	Glucose	lactose_ug	0
LB178	LM-S	2	Baseline	Glucose	galactitol_ug	2.48503155244494
LB178	LM-S	2	Baseline	Glucose	galactonate_ug	4.03962945015935
LB196	LM-S	2	Baseline	Lactose	galactose_ug	0.737064415273414
LB196	LM-S	2	Baseline	Lactose	lactose_ug	0
LB196	LM-S	2	Baseline	Lactose	galactitol_ug	2.06115054769329
LB196	LM-S	2	Baseline	Lactose	galactonate_ug	5.71219379374165
LB196	LM-S	2	3-6h	Lactose	galactose_ug	14.0064382102614
LB196	LM-S	2	3-6h	Lactose	lactose_ug	486.269780366394
LB196	LM-S	2	3-6h	Lactose	galactitol_ug	24.2554903550199
LB196	LM-S	2	3-6h	Lactose	galactonate_ug	120.569355493044
LB196	LM-S	2	0-3h	Lactose	galactose_ug	60.2799740488942
LB196	LM-S	2	0-3h	Lactose	lactose_ug	34.4481259229685
LB196	LM-S	2	0-3h	Lactose	galactitol_ug	5.47892853559154
LB196	LM-S	2	0-3h	Lactose	galactonate_ug	16.4822440074928
LB161	LM-S	1	Baseline	Lactose	galactose_ug	0.642708294043362
LB161	LM-S	1	Baseline	Lactose	lactose_ug	0
LB161	LM-S	1	Baseline	Lactose	galactitol_ug	1.39167679434518
LB161	LM-S	1	Baseline	Lactose	galactonate_ug	3.4798963287895
LB161	LM-S	1	0-3h	Lactose	galactose_ug	21.8542736719456
LB161	LM-S	1	0-3h	Lactose	lactose_ug	41.9284202319953
LB161	LM-S	1	0-3h	Lactose	galactitol_ug	6.05562405478522
LB161	LM-S	1	0-3h	Lactose	galactonate_ug	23.5829984971485
LB161	LM-S	1	3-6h	Lactose	galactose_ug	2.84675720698121
LB161	LM-S	1	3-6h	Lactose	lactose_ug	129.6248656028
LB161	LM-S	1	3-6h	Lactose	galactitol_ug	8.01877244663514
LB161	LM-S	1	3-6h	Lactose	galactonate_ug	42.2182880432368
LB046	Control	1	3-6h	Glucose	galactose_ug	1.9568068505772
LB046	Control	1	3-6h	Glucose	lactose_ug	0
LB046	Control	1	3-6h	Glucose	galactitol_ug	4.11585399361885
LB046	Control	1	3-6h	Glucose	galactonate_ug	10.8248646112799
LB046	Control	1	Baseline	Glucose	galactose_ug	1.26759372914144
LB046	Control	1	Baseline	Glucose	lactose_ug	0.863942761147749
LB046	Control	1	Baseline	Glucose	galactitol_ug	2.20719544512845
LB046	Control	1	Baseline	Glucose	galactonate_ug	7.43089405651332
LB046	Control	1	0-3h	Glucose	galactose_ug	2.37688984700399
LB046	Control	1	0-3h	Glucose	lactose_ug	0
LB046	Control	1	0-3h	Glucose	galactitol_ug	4.87107259255983
LB046	Control	1	0-3h	Glucose	galactonate_ug	15.0952783193039
LB175	LM-S	1	0-3h	Lactose	galactose_ug	29.9685554533477
LB175	LM-S	1	0-3h	Lactose	lactose_ug	65.3802661550378
LB175	LM-S	1	0-3h	Lactose	galactitol_ug	7.35605910985785
LB175	LM-S	1	0-3h	Lactose	galactonate_ug	26.771419684255
LB175	LM-S	1	3-6h	Lactose	galactose_ug	7.61455571609464
LB175	LM-S	1	3-6h	Lactose	lactose_ug	76.8730110287474
LB175	LM-S	1	3-6h	Lactose	galactitol_ug	19.7415919602434
LB175	LM-S	1	3-6h	Lactose	galactonate_ug	84.4726416998797
LB175	LM-S	1	Baseline	Lactose	galactose_ug	0.650398761157917
LB175	LM-S	1	Baseline	Lactose	lactose_ug	8.96866991194887
LB175	LM-S	1	Baseline	Lactose	galactitol_ug	1.18826955584269
LB175	LM-S	1	Baseline	Lactose	galactonate_ug	3.56050465755374
LB064	LM-A	2	0-3h	Lactose	galactose_ug	4.16891074002743
LB064	LM-A	2	0-3h	Lactose	lactose_ug	34.3042603901257
LB064	LM-A	2	0-3h	Lactose	galactitol_ug	2.74398366335443
LB064	LM-A	2	0-3h	Lactose	galactonate_ug	16.7288948836555
LB064	LM-A	2	Baseline	Lactose	galactose_ug	0.869185086832611
LB064	LM-A	2	Baseline	Lactose	lactose_ug	0.994365019255111
LB064	LM-A	2	Baseline	Lactose	galactitol_ug	2.14380363748637
LB064	LM-A	2	Baseline	Lactose	galactonate_ug	14.4178972433699
LB064	LM-A	2	3-6h	Lactose	galactose_ug	0.782261308013176
LB064	LM-A	2	3-6h	Lactose	lactose_ug	107.69983024062
LB064	LM-A	2	3-6h	Lactose	galactitol_ug	8.17542584959526
LB064	LM-A	2	3-6h	Lactose	galactonate_ug	35.7862291912283
LB163	LM-S	1	3-6h	Lactose	galactose_ug	0
LB163	LM-S	1	3-6h	Lactose	lactose_ug	54.5205972761886
LB163	LM-S	1	3-6h	Lactose	galactitol_ug	5.33480464104686
LB163	LM-S	1	3-6h	Lactose	galactonate_ug	20.7809295013464
LB163	LM-S	1	Baseline	Lactose	galactose_ug	1.22824800393391
LB163	LM-S	1	Baseline	Lactose	lactose_ug	2.15541502436163
LB163	LM-S	1	Baseline	Lactose	galactitol_ug	3.76103407639958
LB163	LM-S	1	Baseline	Lactose	galactonate_ug	6.08096265196886
LB163	LM-S	1	0-3h	Lactose	galactose_ug	12.6184283250273
LB163	LM-S	1	0-3h	Lactose	lactose_ug	56.4021930240087
LB163	LM-S	1	0-3h	Lactose	galactitol_ug	9.13018461456586
LB163	LM-S	1	0-3h	Lactose	galactonate_ug	26.0087629036052
LB193	LM-S	2	3-6h	Lactose	galactose_ug	0
LB193	LM-S	2	3-6h	Lactose	lactose_ug	148.929278011108
LB193	LM-S	2	3-6h	Lactose	galactitol_ug	14.0034187150038
LB193	LM-S	2	3-6h	Lactose	galactonate_ug	64.9429993757294
LB193	LM-S	2	Baseline	Lactose	galactose_ug	0.413822949210638
LB193	LM-S	2	Baseline	Lactose	lactose_ug	0.10230841632172
LB193	LM-S	2	Baseline	Lactose	galactitol_ug	1.46492989192431
LB193	LM-S	2	Baseline	Lactose	galactonate_ug	4.15667455074373
LB193	LM-S	2	0-3h	Lactose	galactose_ug	21.9096614871763
LB193	LM-S	2	0-3h	Lactose	lactose_ug	105.515998051348
LB193	LM-S	2	0-3h	Lactose	galactitol_ug	9.07403630151331
LB193	LM-S	2	0-3h	Lactose	galactonate_ug	36.0570613497724
LB086	LM-S	1	0-3h	Lactose	galactose_ug	21.8908474409114
LB086	LM-S	1	0-3h	Lactose	lactose_ug	22.3790706593106
LB086	LM-S	1	0-3h	Lactose	galactitol_ug	3.5300463280202
LB086	LM-S	1	0-3h	Lactose	galactonate_ug	13.560235900714
LB086	LM-S	1	3-6h	Lactose	galactose_ug	1.18684067513215
LB086	LM-S	1	3-6h	Lactose	lactose_ug	72.9164427530304
LB086	LM-S	1	3-6h	Lactose	galactitol_ug	15.7738537830885
LB086	LM-S	1	3-6h	Lactose	galactonate_ug	82.6653177594551
LB086	LM-S	1	Baseline	Lactose	galactose_ug	0.431155546868264
LB086	LM-S	1	Baseline	Lactose	lactose_ug	0.0946776141937348
LB086	LM-S	1	Baseline	Lactose	galactitol_ug	1.25280052998482
LB086	LM-S	1	Baseline	Lactose	galactonate_ug	3.67589962203866
LB074	LM-S	2	0-3h	Lactose	galactose_ug	20.0655819185116
LB074	LM-S	2	0-3h	Lactose	lactose_ug	17.2294574972499
LB074	LM-S	2	0-3h	Lactose	galactitol_ug	3.03152199261015
LB074	LM-S	2	0-3h	Lactose	galactonate_ug	7.54795160516601
LB074	LM-S	2	Baseline	Lactose	galactose_ug	0
LB074	LM-S	2	Baseline	Lactose	lactose_ug	0
LB074	LM-S	2	Baseline	Lactose	galactitol_ug	1.24170810922606
LB074	LM-S	2	Baseline	Lactose	galactonate_ug	4.25298417503903
LB074	LM-S	2	3-6h	Lactose	galactose_ug	17.8267750599049
LB074	LM-S	2	3-6h	Lactose	lactose_ug	217.126072141139
LB074	LM-S	2	3-6h	Lactose	galactitol_ug	18.1999320301372
LB074	LM-S	2	3-6h	Lactose	galactonate_ug	74.9190910440091
LB040	LM-A	2	Baseline	Lactose	galactose_ug	0.42714815584886
LB040	LM-A	2	Baseline	Lactose	lactose_ug	0
LB040	LM-A	2	Baseline	Lactose	galactitol_ug	1.385751726726
LB040	LM-A	2	Baseline	Lactose	galactonate_ug	3.43505180549815
LB040	LM-A	2	0-3h	Lactose	galactose_ug	48.0600948666291
LB040	LM-A	2	0-3h	Lactose	lactose_ug	61.2877888333568
LB040	LM-A	2	0-3h	Lactose	galactitol_ug	11.143413209564
LB040	LM-A	2	0-3h	Lactose	galactonate_ug	33.6079885671343
LB040	LM-A	2	3-6h	Lactose	galactose_ug	0
LB040	LM-A	2	3-6h	Lactose	lactose_ug	244.227815509833
LB040	LM-A	2	3-6h	Lactose	galactitol_ug	21.6167588903833
LB040	LM-A	2	3-6h	Lactose	galactonate_ug	99.2287405297578
LB008	Control	2	0-3h	Lactose	galactose_ug	224.160669460203
LB008	Control	2	0-3h	Lactose	lactose_ug	17.2519407247785
LB008	Control	2	0-3h	Lactose	galactitol_ug	11.7459419498173
LB008	Control	2	0-3h	Lactose	galactonate_ug	23.5160972206959
LB008	Control	2	3-6h	Lactose	galactose_ug	13.1861159268627
LB008	Control	2	3-6h	Lactose	lactose_ug	52.1511504626921
LB008	Control	2	3-6h	Lactose	galactitol_ug	51.6390831939102
LB008	Control	2	3-6h	Lactose	galactonate_ug	181.526477583798
LB008	Control	2	Baseline	Lactose	galactose_ug	0.910874037975214
LB008	Control	2	Baseline	Lactose	lactose_ug	0.789151700806709
LB008	Control	2	Baseline	Lactose	galactitol_ug	1.62202414248915
LB008	Control	2	Baseline	Lactose	galactonate_ug	2.8453896335484
LB216	Control	2	Baseline	Glucose	galactose_ug	0.955410625204914
LB216	Control	2	Baseline	Glucose	lactose_ug	1.53493522998848
LB216	Control	2	Baseline	Glucose	galactitol_ug	2.4215542724571
LB216	Control	2	Baseline	Glucose	galactonate_ug	5.14242547171777
LB216	Control	2	0-3h	Glucose	galactose_ug	0
LB216	Control	2	0-3h	Glucose	lactose_ug	0
LB216	Control	2	0-3h	Glucose	galactitol_ug	3.51340378025583
LB216	Control	2	0-3h	Glucose	galactonate_ug	6.71048992204868
LB216	Control	2	3-6h	Glucose	galactose_ug	0.828281685389242
LB216	Control	2	3-6h	Glucose	lactose_ug	0
LB216	Control	2	3-6h	Glucose	galactitol_ug	5.82470266683702
LB216	Control	2	3-6h	Glucose	galactonate_ug	9.04497660906332
LB103	LM-S	1	0-3h	Lactose	galactose_ug	3.89309006590904
LB103	LM-S	1	0-3h	Lactose	lactose_ug	31.9801477894432
LB103	LM-S	1	0-3h	Lactose	galactitol_ug	5.59813873913728
LB103	LM-S	1	0-3h	Lactose	galactonate_ug	19.1890541700232
LB103	LM-S	1	Baseline	Lactose	galactose_ug	0.205302845385866
LB103	LM-S	1	Baseline	Lactose	lactose_ug	0.353441494670911
LB103	LM-S	1	Baseline	Lactose	galactitol_ug	0.639117047236462
LB103	LM-S	1	Baseline	Lactose	galactonate_ug	1.34307266805773
LB103	LM-S	1	3-6h	Lactose	galactose_ug	0
LB103	LM-S	1	3-6h	Lactose	lactose_ug	41.3285272644529
LB103	LM-S	1	3-6h	Lactose	galactitol_ug	2.53727846506594
LB103	LM-S	1	3-6h	Lactose	galactonate_ug	10.0699799662604
LB091	Control	1	3-6h	Lactose	galactose_ug	5.16663207271759
LB091	Control	1	3-6h	Lactose	lactose_ug	18.4023053800749
LB091	Control	1	3-6h	Lactose	galactitol_ug	32.7039298726033
LB091	Control	1	3-6h	Lactose	galactonate_ug	130.034823513061
LB091	Control	1	0-3h	Lactose	galactose_ug	186.179121976815
LB091	Control	1	0-3h	Lactose	lactose_ug	4.18024874478104
LB091	Control	1	0-3h	Lactose	galactitol_ug	19.0136799318381
LB091	Control	1	0-3h	Lactose	galactonate_ug	43.0337112575373
LB091	Control	1	Baseline	Lactose	galactose_ug	0.449979006245732
LB091	Control	1	Baseline	Lactose	lactose_ug	1.00592546142895
LB091	Control	1	Baseline	Lactose	galactitol_ug	1.09178480179342
LB091	Control	1	Baseline	Lactose	galactonate_ug	3.6193333347129
LB129	LM-S	1	0-3h	Lactose	galactose_ug	12.9974885265866
LB129	LM-S	1	0-3h	Lactose	lactose_ug	46.0302063235674
LB129	LM-S	1	0-3h	Lactose	galactitol_ug	2.37602433995617
LB129	LM-S	1	0-3h	Lactose	galactonate_ug	7.59252456506413
LB129	LM-S	1	Baseline	Lactose	galactose_ug	0
LB129	LM-S	1	Baseline	Lactose	lactose_ug	0
LB129	LM-S	1	Baseline	Lactose	galactitol_ug	1.03647703821697
LB129	LM-S	1	Baseline	Lactose	galactonate_ug	3.33371601729333
LB129	LM-S	1	3-6h	Lactose	galactose_ug	1.50569033310865
LB129	LM-S	1	3-6h	Lactose	lactose_ug	165.383590894383
LB129	LM-S	1	3-6h	Lactose	galactitol_ug	12.2554972216904
LB129	LM-S	1	3-6h	Lactose	galactonate_ug	58.988225742054
LB012	Control	1	0-3h	Lactose	galactose_ug	19.2090001008001
LB012	Control	1	0-3h	Lactose	lactose_ug	0
LB012	Control	1	0-3h	Lactose	galactitol_ug	1.63244937331154
LB012	Control	1	0-3h	Lactose	galactonate_ug	3.08652864038834
LB012	Control	1	Baseline	Lactose	galactose_ug	0.553781861183968
LB012	Control	1	Baseline	Lactose	lactose_ug	3.07348898226379
LB012	Control	1	Baseline	Lactose	galactitol_ug	1.33411015133382
LB012	Control	1	Baseline	Lactose	galactonate_ug	6.37419930153809
LB012	Control	1	3-6h	Lactose	galactose_ug	55.5984980075318
LB012	Control	1	3-6h	Lactose	lactose_ug	4.33280329176479
LB012	Control	1	3-6h	Lactose	galactitol_ug	24.3014061020361
LB012	Control	1	3-6h	Lactose	galactonate_ug	110.87866065391
LB034	LM-A	1	3-6h	Glucose	galactose_ug	0
LB034	LM-A	1	3-6h	Glucose	lactose_ug	0
LB034	LM-A	1	3-6h	Glucose	galactitol_ug	2.73029481662645
LB034	LM-A	1	3-6h	Glucose	galactonate_ug	3.12618950862812
LB034	LM-A	1	0-3h	Glucose	galactose_ug	0
LB034	LM-A	1	0-3h	Glucose	lactose_ug	0
LB034	LM-A	1	0-3h	Glucose	galactitol_ug	1.73555915722611
LB034	LM-A	1	0-3h	Glucose	galactonate_ug	1.03740789665328
LB034	LM-A	1	Baseline	Glucose	galactose_ug	0
LB034	LM-A	1	Baseline	Glucose	lactose_ug	0
LB034	LM-A	1	Baseline	Glucose	galactitol_ug	1.68315592330907
LB034	LM-A	1	Baseline	Glucose	galactonate_ug	8.37558199446489
LB134	LM-S	2	0-3h	Lactose	galactose_ug	28.2276085071709
LB134	LM-S	2	0-3h	Lactose	lactose_ug	61.4583566235483
LB134	LM-S	2	0-3h	Lactose	galactitol_ug	5.81781809830549
LB134	LM-S	2	0-3h	Lactose	galactonate_ug	12.4278060477244
LB134	LM-S	2	3-6h	Lactose	galactose_ug	0
LB134	LM-S	2	3-6h	Lactose	lactose_ug	168.971569787419
LB134	LM-S	2	3-6h	Lactose	galactitol_ug	12.5681024222091
LB134	LM-S	2	3-6h	Lactose	galactonate_ug	35.0504150274482
LB134	LM-S	2	Baseline	Lactose	galactose_ug	0.864846176718465
LB134	LM-S	2	Baseline	Lactose	lactose_ug	1.82410831558624
LB134	LM-S	2	Baseline	Lactose	galactitol_ug	1.72404505558185
LB134	LM-S	2	Baseline	Lactose	galactonate_ug	3.98140211851434
LB140	LM-A	1	3-6h	Glucose	galactose_ug	0
LB140	LM-A	1	3-6h	Glucose	lactose_ug	0
LB140	LM-A	1	3-6h	Glucose	galactitol_ug	0.815266620723094
LB140	LM-A	1	3-6h	Glucose	galactonate_ug	0
LB140	LM-A	1	0-3h	Glucose	galactose_ug	0
LB140	LM-A	1	0-3h	Glucose	lactose_ug	0
LB140	LM-A	1	0-3h	Glucose	galactitol_ug	2.37948680747779
LB140	LM-A	1	0-3h	Glucose	galactonate_ug	2.56425720666819
LB140	LM-A	1	Baseline	Glucose	galactose_ug	0
LB140	LM-A	1	Baseline	Glucose	lactose_ug	0
LB140	LM-A	1	Baseline	Glucose	galactitol_ug	1.86763352466544
LB140	LM-A	1	Baseline	Glucose	galactonate_ug	4.51919817262127
LB017	LM-S	1	3-6h	Lactose	galactose_ug	2.70261362829202
LB017	LM-S	1	3-6h	Lactose	lactose_ug	115.415419374489
LB017	LM-S	1	3-6h	Lactose	galactitol_ug	9.38837733732367
LB017	LM-S	1	3-6h	Lactose	galactonate_ug	30.9297341478443
LB017	LM-S	1	Baseline	Lactose	galactose_ug	0.313591168551657
LB017	LM-S	1	Baseline	Lactose	lactose_ug	0.0766170435833264
LB017	LM-S	1	Baseline	Lactose	galactitol_ug	0.225643317165732
LB017	LM-S	1	Baseline	Lactose	galactonate_ug	0.540890884484861
LB017	LM-S	1	0-3h	Lactose	galactose_ug	29.3136902313336
LB017	LM-S	1	0-3h	Lactose	lactose_ug	63.3917109881414
LB017	LM-S	1	0-3h	Lactose	galactitol_ug	6.96620028058549
LB017	LM-S	1	0-3h	Lactose	galactonate_ug	14.615326637537
LB078	LM-A	1	0-3h	Lactose	galactose_ug	31.9197640676767
LB078	LM-A	1	0-3h	Lactose	lactose_ug	23.1396046191647
LB078	LM-A	1	0-3h	Lactose	galactitol_ug	6.51907881169099
LB078	LM-A	1	0-3h	Lactose	galactonate_ug	23.2514036129241
LB078	LM-A	1	3-6h	Lactose	galactose_ug	2.42521347106842
LB078	LM-A	1	3-6h	Lactose	lactose_ug	22.2915025482221
LB078	LM-A	1	3-6h	Lactose	galactitol_ug	10.0868301877607
LB078	LM-A	1	3-6h	Lactose	galactonate_ug	45.5652516990855
LB078	LM-A	1	Baseline	Lactose	galactose_ug	0.572170204188027
LB078	LM-A	1	Baseline	Lactose	lactose_ug	0.257538724413345
LB078	LM-A	1	Baseline	Lactose	galactitol_ug	3.17470505847746
LB078	LM-A	1	Baseline	Lactose	galactonate_ug	10.4707053588801
LB115	LM-A	2	Baseline	Lactose	galactose_ug	0
LB115	LM-A	2	Baseline	Lactose	lactose_ug	0
LB115	LM-A	2	Baseline	Lactose	galactitol_ug	1.83273966669382
LB115	LM-A	2	Baseline	Lactose	galactonate_ug	4.02705527589892
LB115	LM-A	2	3-6h	Lactose	galactose_ug	0
LB115	LM-A	2	3-6h	Lactose	lactose_ug	48.0979756729922
LB115	LM-A	2	3-6h	Lactose	galactitol_ug	9.89699187394982
LB115	LM-A	2	3-6h	Lactose	galactonate_ug	43.4256384993451
LB115	LM-A	2	0-3h	Lactose	galactose_ug	4.1679470279701
LB115	LM-A	2	0-3h	Lactose	lactose_ug	1.10946699786343
LB115	LM-A	2	0-3h	Lactose	galactitol_ug	5.72941958872999
LB115	LM-A	2	0-3h	Lactose	galactonate_ug	22.6215191514547
LB177	LM-S	1	Baseline	Lactose	galactose_ug	0
LB177	LM-S	1	Baseline	Lactose	lactose_ug	0
LB177	LM-S	1	Baseline	Lactose	galactitol_ug	0.14029752513288
LB177	LM-S	1	Baseline	Lactose	galactonate_ug	0.565058670301069
LB177	LM-S	1	3-6h	Lactose	galactose_ug	0
LB177	LM-S	1	3-6h	Lactose	lactose_ug	160.890135446025
LB177	LM-S	1	3-6h	Lactose	galactitol_ug	4.779936992207
LB177	LM-S	1	3-6h	Lactose	galactonate_ug	19.0400668984651
LB177	LM-S	1	0-3h	Lactose	galactose_ug	0
LB177	LM-S	1	0-3h	Lactose	lactose_ug	0
LB177	LM-S	1	0-3h	Lactose	galactitol_ug	0.465100781138743
LB177	LM-S	1	0-3h	Lactose	galactonate_ug	1.81644950300271
LB031	Control	1	0-3h	Lactose	galactose_ug	87.4028652343431
LB031	Control	1	0-3h	Lactose	lactose_ug	0
LB031	Control	1	0-3h	Lactose	galactitol_ug	11.8751602774803
LB031	Control	1	0-3h	Lactose	galactonate_ug	28.0221089118921
LB031	Control	1	3-6h	Lactose	galactose_ug	3.37565790802298
LB031	Control	1	3-6h	Lactose	lactose_ug	24.0195197259823
LB031	Control	1	3-6h	Lactose	galactitol_ug	42.8592745590715
LB031	Control	1	3-6h	Lactose	galactonate_ug	152.959816427274
LB031	Control	1	Baseline	Lactose	galactose_ug	1.31846769772232
LB031	Control	1	Baseline	Lactose	lactose_ug	1.87567465704602
LB031	Control	1	Baseline	Lactose	galactitol_ug	4.36396022177718
LB031	Control	1	Baseline	Lactose	galactonate_ug	7.50871200005436
LB100	LM-S	2	3-6h	Lactose	galactose_ug	0
LB100	LM-S	2	3-6h	Lactose	lactose_ug	220.473441359912
LB100	LM-S	2	3-6h	Lactose	galactitol_ug	10.6060842573591
LB100	LM-S	2	3-6h	Lactose	galactonate_ug	46.5063672170781
LB100	LM-S	2	0-3h	Lactose	galactose_ug	32.859010230785
LB100	LM-S	2	0-3h	Lactose	lactose_ug	58.4287307555117
LB100	LM-S	2	0-3h	Lactose	galactitol_ug	8.62231463410738
LB100	LM-S	2	0-3h	Lactose	galactonate_ug	30.608648801338
LB100	LM-S	2	Baseline	Lactose	galactose_ug	0.768922815598553
LB100	LM-S	2	Baseline	Lactose	lactose_ug	0
LB100	LM-S	2	Baseline	Lactose	galactitol_ug	2.88844209979029
LB100	LM-S	2	Baseline	Lactose	galactonate_ug	6.96148284614727
LB082	LM-S	1	Baseline	Lactose	galactose_ug	0.973705517870349
LB082	LM-S	1	Baseline	Lactose	lactose_ug	0.336076057522568
LB082	LM-S	1	Baseline	Lactose	galactitol_ug	1.8441682994188
LB082	LM-S	1	Baseline	Lactose	galactonate_ug	3.16529089077466
LB082	LM-S	1	0-3h	Lactose	galactose_ug	18.7692320684138
LB082	LM-S	1	0-3h	Lactose	lactose_ug	0
LB082	LM-S	1	0-3h	Lactose	galactitol_ug	5.8932084471677
LB082	LM-S	1	0-3h	Lactose	galactonate_ug	16.5563269909426
LB082	LM-S	1	3-6h	Lactose	galactose_ug	0
LB082	LM-S	1	3-6h	Lactose	lactose_ug	20.8221026669507
LB082	LM-S	1	3-6h	Lactose	galactitol_ug	11.2513000758319
LB082	LM-S	1	3-6h	Lactose	galactonate_ug	45.9107913690907
LB023	LM-S	2	3-6h	Lactose	galactose_ug	0
LB023	LM-S	2	3-6h	Lactose	lactose_ug	51.4334281303062
LB023	LM-S	2	3-6h	Lactose	galactitol_ug	8.57376813135115
LB023	LM-S	2	3-6h	Lactose	galactonate_ug	34.5732214820673
LB023	LM-S	2	Baseline	Lactose	galactose_ug	1.2954816350821
LB023	LM-S	2	Baseline	Lactose	lactose_ug	1.65214429276373
LB023	LM-S	2	Baseline	Lactose	galactitol_ug	3.34491000197242
LB023	LM-S	2	Baseline	Lactose	galactonate_ug	6.00850326693137
LB023	LM-S	2	0-3h	Lactose	galactose_ug	66.0476535684387
LB023	LM-S	2	0-3h	Lactose	lactose_ug	174.598914111281
LB023	LM-S	2	0-3h	Lactose	galactitol_ug	21.2291227318514
LB023	LM-S	2	0-3h	Lactose	galactonate_ug	59.4471196092169
LB097	Control	1	3-6h	Glucose	galactose_ug	0
LB097	Control	1	3-6h	Glucose	lactose_ug	0
LB097	Control	1	3-6h	Glucose	galactitol_ug	3.00681693158035
LB097	Control	1	3-6h	Glucose	galactonate_ug	9.0917167106361
LB097	Control	1	0-3h	Glucose	galactose_ug	0
LB097	Control	1	0-3h	Glucose	lactose_ug	0
LB097	Control	1	0-3h	Glucose	galactitol_ug	2.58622058516497
LB097	Control	1	0-3h	Glucose	galactonate_ug	9.24997919072023
LB097	Control	1	Baseline	Glucose	galactose_ug	0
LB097	Control	1	Baseline	Glucose	lactose_ug	0
LB097	Control	1	Baseline	Glucose	galactitol_ug	1.77313168900292
LB097	Control	1	Baseline	Glucose	galactonate_ug	6.97888519002299
LB058	LM-S	2	Baseline	Lactose	galactose_ug	3.31678539557932
LB058	LM-S	2	Baseline	Lactose	lactose_ug	5.15402298121182
LB058	LM-S	2	Baseline	Lactose	galactitol_ug	4.86902904513591
LB058	LM-S	2	Baseline	Lactose	galactonate_ug	16.6247899166504
LB058	LM-S	2	3-6h	Lactose	galactose_ug	10.5898474929564
LB058	LM-S	2	3-6h	Lactose	lactose_ug	294.849251953902
LB058	LM-S	2	3-6h	Lactose	galactitol_ug	14.5890061892633
LB058	LM-S	2	3-6h	Lactose	galactonate_ug	57.0258521678142
LB058	LM-S	2	0-3h	Lactose	galactose_ug	19.1775643595585
LB058	LM-S	2	0-3h	Lactose	lactose_ug	151.765717085535
LB058	LM-S	2	0-3h	Lactose	galactitol_ug	8.34715487943034
LB058	LM-S	2	0-3h	Lactose	galactonate_ug	29.3515315147909
LB083	LM-A	2	3-6h	Lactose	galactose_ug	29.3070936937975
LB083	LM-A	2	3-6h	Lactose	lactose_ug	315.485579585276
LB083	LM-A	2	3-6h	Lactose	galactitol_ug	29.2083738172403
LB083	LM-A	2	3-6h	Lactose	galactonate_ug	106.262197700701
LB083	LM-A	2	Baseline	Lactose	galactose_ug	1.53312792404564
LB083	LM-A	2	Baseline	Lactose	lactose_ug	1.3481286594288
LB083	LM-A	2	Baseline	Lactose	galactitol_ug	2.12610063426544
LB083	LM-A	2	Baseline	Lactose	galactonate_ug	4.66582674868242
LB083	LM-A	2	0-3h	Lactose	galactose_ug	189.594777967597
LB083	LM-A	2	0-3h	Lactose	lactose_ug	117.547640802923
LB083	LM-A	2	0-3h	Lactose	galactitol_ug	20.5360796087481
LB083	LM-A	2	0-3h	Lactose	galactonate_ug	53.0693768668038
LB052	Control	1	0-3h	Lactose	galactose_ug	191.485949633326
LB052	Control	1	0-3h	Lactose	lactose_ug	12.7887644841355
LB052	Control	1	0-3h	Lactose	galactitol_ug	16.4842918644579
LB052	Control	1	0-3h	Lactose	galactonate_ug	61.2509419849964
LB052	Control	1	Baseline	Lactose	galactose_ug	3.06854969022238
LB052	Control	1	Baseline	Lactose	lactose_ug	1.88683205660487
LB052	Control	1	Baseline	Lactose	galactitol_ug	4.63970785243058
LB052	Control	1	Baseline	Lactose	galactonate_ug	13.2455233759378
LB052	Control	1	3-6h	Lactose	galactose_ug	5.88579056049484
LB052	Control	1	3-6h	Lactose	lactose_ug	7.94827231309137
LB052	Control	1	3-6h	Lactose	galactitol_ug	20.9181563061705
LB052	Control	1	3-6h	Lactose	galactonate_ug	115.668151341229
LB089	LM-A	1	3-6h	Lactose	galactose_ug	23.5040481858071
LB089	LM-A	1	3-6h	Lactose	lactose_ug	136.628841225304
LB089	LM-A	1	3-6h	Lactose	galactitol_ug	31.4336177507318
LB089	LM-A	1	3-6h	Lactose	galactonate_ug	116.127371490593
LB089	LM-A	1	0-3h	Lactose	galactose_ug	18.9702736786914
LB089	LM-A	1	0-3h	Lactose	lactose_ug	23.6773492428353
LB089	LM-A	1	0-3h	Lactose	galactitol_ug	5.58829635536454
LB089	LM-A	1	0-3h	Lactose	galactonate_ug	17.9292335646494
LB089	LM-A	1	Baseline	Lactose	galactose_ug	0.529668507822675
LB089	LM-A	1	Baseline	Lactose	lactose_ug	0.708353204225838
LB089	LM-A	1	Baseline	Lactose	galactitol_ug	0.776942151689165
LB089	LM-A	1	Baseline	Lactose	galactonate_ug	1.78378790270194
LB109	LM-S	1	Baseline	Lactose	galactose_ug	0.261019986406705
LB109	LM-S	1	Baseline	Lactose	lactose_ug	0.0128478438710383
LB109	LM-S	1	Baseline	Lactose	galactitol_ug	0.934651504393508
LB109	LM-S	1	Baseline	Lactose	galactonate_ug	2.52577680301922
LB109	LM-S	1	0-3h	Lactose	galactose_ug	20.3049846657183
LB109	LM-S	1	0-3h	Lactose	lactose_ug	31.0631156551074
LB109	LM-S	1	0-3h	Lactose	galactitol_ug	4.33263339953183
LB109	LM-S	1	0-3h	Lactose	galactonate_ug	13.1967797744746
LB109	LM-S	1	3-6h	Lactose	galactose_ug	0
LB109	LM-S	1	3-6h	Lactose	lactose_ug	88.6887396386087
LB109	LM-S	1	3-6h	Lactose	galactitol_ug	10.7495962271556
LB109	LM-S	1	3-6h	Lactose	galactonate_ug	48.9390976122692
LB087	LM-S	2	0-3h	Glucose	galactose_ug	0
LB087	LM-S	2	0-3h	Glucose	lactose_ug	0
LB087	LM-S	2	0-3h	Glucose	galactitol_ug	3.64876522114296
LB087	LM-S	2	0-3h	Glucose	galactonate_ug	7.91261818541845
LB087	LM-S	2	3-6h	Glucose	galactose_ug	0.596510604429187
LB087	LM-S	2	3-6h	Glucose	lactose_ug	0
LB087	LM-S	2	3-6h	Glucose	galactitol_ug	3.96253518384072
LB087	LM-S	2	3-6h	Glucose	galactonate_ug	6.66602657237565
LB087	LM-S	2	Baseline	Glucose	galactose_ug	0.653869743968137
LB087	LM-S	2	Baseline	Glucose	lactose_ug	0
LB087	LM-S	2	Baseline	Glucose	galactitol_ug	1.98175186150924
LB087	LM-S	2	Baseline	Glucose	galactonate_ug	3.71348782381413
LB001	Control	2	3-6h	Lactose	galactose_ug	33.4207458586262
LB001	Control	2	3-6h	Lactose	lactose_ug	2.26218568742844
LB001	Control	2	3-6h	Lactose	galactitol_ug	24.0234067306348
LB001	Control	2	3-6h	Lactose	galactonate_ug	103.08423843692
LB001	Control	2	Baseline	Lactose	galactose_ug	0.326916484017002
LB001	Control	2	Baseline	Lactose	lactose_ug	0
LB001	Control	2	Baseline	Lactose	galactitol_ug	1.32224893121247
LB001	Control	2	Baseline	Lactose	galactonate_ug	6.10654161552571
LB001	Control	2	0-3h	Lactose	galactose_ug	102.541355560591
LB001	Control	2	0-3h	Lactose	lactose_ug	0.490121219133001
LB001	Control	2	0-3h	Lactose	galactitol_ug	7.4694369529866
LB001	Control	2	0-3h	Lactose	galactonate_ug	24.4811404135604
LB187	LM-S	2	Baseline	Lactose	galactose_ug	0.339212832567059
LB187	LM-S	2	Baseline	Lactose	lactose_ug	0
LB187	LM-S	2	Baseline	Lactose	galactitol_ug	1.4422252478451
LB187	LM-S	2	Baseline	Lactose	galactonate_ug	38.0924690426961
LB187	LM-S	2	0-3h	Lactose	galactose_ug	31.1000606966213
LB187	LM-S	2	0-3h	Lactose	lactose_ug	143.783293782779
LB187	LM-S	2	0-3h	Lactose	galactitol_ug	15.8449300179411
LB187	LM-S	2	0-3h	Lactose	galactonate_ug	190.091129926103
LB187	LM-S	2	3-6h	Lactose	galactose_ug	0.600623199483599
LB187	LM-S	2	3-6h	Lactose	lactose_ug	89.0695926125457
LB187	LM-S	2	3-6h	Lactose	galactitol_ug	6.39541167582072
LB187	LM-S	2	3-6h	Lactose	galactonate_ug	65.6694803373772
LB197	Control	2	Baseline	Lactose	galactose_ug	2.82152661869482
LB197	Control	2	Baseline	Lactose	lactose_ug	5.11792237299827
LB197	Control	2	Baseline	Lactose	galactitol_ug	10.9728983034822
LB197	Control	2	Baseline	Lactose	galactonate_ug	12.1080212723037
LB197	Control	2	0-3h	Lactose	galactose_ug	186.912356259329
LB197	Control	2	0-3h	Lactose	lactose_ug	79.8070366429689
LB197	Control	2	0-3h	Lactose	galactitol_ug	25.9252729173476
LB197	Control	2	0-3h	Lactose	galactonate_ug	48.7331099433893
LB197	Control	2	3-6h	Lactose	galactose_ug	8.72024004936372
LB197	Control	2	3-6h	Lactose	lactose_ug	71.5390777145921
LB197	Control	2	3-6h	Lactose	galactitol_ug	46.3451145532749
LB197	Control	2	3-6h	Lactose	galactonate_ug	160.718386855157
LB158	LM-S	2	0-3h	Lactose	galactose_ug	59.5371572445268
LB158	LM-S	2	0-3h	Lactose	lactose_ug	42.2742418036964
LB158	LM-S	2	0-3h	Lactose	galactitol_ug	6.49257455275911
LB158	LM-S	2	0-3h	Lactose	galactonate_ug	21.2264862479878
LB158	LM-S	2	3-6h	Lactose	galactose_ug	33.9960440041093
LB158	LM-S	2	3-6h	Lactose	lactose_ug	296.785272596975
LB158	LM-S	2	3-6h	Lactose	galactitol_ug	26.4635480147339
LB158	LM-S	2	3-6h	Lactose	galactonate_ug	114.035890566835
LB158	LM-S	2	Baseline	Lactose	galactose_ug	0.800944141855935
LB158	LM-S	2	Baseline	Lactose	lactose_ug	0.323655079522815
LB158	LM-S	2	Baseline	Lactose	galactitol_ug	2.08420851316251
LB158	LM-S	2	Baseline	Lactose	galactonate_ug	9.99604673107234
LB038	LM-A	2	3-6h	Lactose	galactose_ug	2.11021338514981
LB038	LM-A	2	3-6h	Lactose	lactose_ug	170.358372959908
LB038	LM-A	2	3-6h	Lactose	galactitol_ug	14.2216176912117
LB038	LM-A	2	3-6h	Lactose	galactonate_ug	35.1067888800928
LB038	LM-A	2	Baseline	Lactose	galactose_ug	0.713485862597676
LB038	LM-A	2	Baseline	Lactose	lactose_ug	1.37257736928287
LB038	LM-A	2	Baseline	Lactose	galactitol_ug	3.45551772218928
LB038	LM-A	2	Baseline	Lactose	galactonate_ug	6.21485039664789
LB038	LM-A	2	0-3h	Lactose	galactose_ug	26.2121447209315
LB038	LM-A	2	0-3h	Lactose	lactose_ug	22.1022800325991
LB038	LM-A	2	0-3h	Lactose	galactitol_ug	7.01573199006685
LB038	LM-A	2	0-3h	Lactose	galactonate_ug	12.9156227007999
LB011	LM-A	2	3-6h	Lactose	galactose_ug	1.76724899347115
LB011	LM-A	2	3-6h	Lactose	lactose_ug	64.921360194143
LB011	LM-A	2	3-6h	Lactose	galactitol_ug	9.53032657165678
LB011	LM-A	2	3-6h	Lactose	galactonate_ug	30.8313621656683
LB011	LM-A	2	Baseline	Lactose	galactose_ug	0.0994134959730787
LB011	LM-A	2	Baseline	Lactose	lactose_ug	0
LB011	LM-A	2	Baseline	Lactose	galactitol_ug	0.704809014947195
LB011	LM-A	2	Baseline	Lactose	galactonate_ug	1.19648919544243
LB011	LM-A	2	0-3h	Lactose	galactose_ug	42.4897144000182
LB011	LM-A	2	0-3h	Lactose	lactose_ug	8.61267206938291
LB011	LM-A	2	0-3h	Lactose	galactitol_ug	6.24846674386477
LB011	LM-A	2	0-3h	Lactose	galactonate_ug	13.5919214430478
LB015	Control	1	0-3h	Lactose	galactose_ug	23.2819647032864
LB015	Control	1	0-3h	Lactose	lactose_ug	0
LB015	Control	1	0-3h	Lactose	galactitol_ug	1.86743158890218
LB015	Control	1	0-3h	Lactose	galactonate_ug	3.4498784495841
LB015	Control	1	3-6h	Lactose	galactose_ug	80.6926635850575
LB015	Control	1	3-6h	Lactose	lactose_ug	15.1863418241376
LB015	Control	1	3-6h	Lactose	galactitol_ug	20.6074067634994
LB015	Control	1	3-6h	Lactose	galactonate_ug	63.1210556168443
LB015	Control	1	Baseline	Lactose	galactose_ug	0.233191585789444
LB015	Control	1	Baseline	Lactose	lactose_ug	0
LB015	Control	1	Baseline	Lactose	galactitol_ug	1.48666591112837
LB015	Control	1	Baseline	Lactose	galactonate_ug	2.70105779316138
LB042	LM-S	1	Baseline	Lactose	galactose_ug	0
LB042	LM-S	1	Baseline	Lactose	lactose_ug	0
LB042	LM-S	1	Baseline	Lactose	galactitol_ug	0.586649138074444
LB042	LM-S	1	Baseline	Lactose	galactonate_ug	1.64519588249754
LB042	LM-S	1	0-3h	Lactose	galactose_ug	8.69435196084764
LB042	LM-S	1	0-3h	Lactose	lactose_ug	0.88889629784753
LB042	LM-S	1	0-3h	Lactose	galactitol_ug	1.78563343929016
LB042	LM-S	1	0-3h	Lactose	galactonate_ug	5.04034338856307
LB042	LM-S	1	3-6h	Lactose	galactose_ug	2.69208813667731
LB042	LM-S	1	3-6h	Lactose	lactose_ug	33.1154607802944
LB042	LM-S	1	3-6h	Lactose	galactitol_ug	9.10502939842803
LB042	LM-S	1	3-6h	Lactose	galactonate_ug	42.2784116612367
LB144	LM-S	1	Baseline	Lactose	galactose_ug	0.544237975484454
LB144	LM-S	1	Baseline	Lactose	lactose_ug	0.228515144632832
LB144	LM-S	1	Baseline	Lactose	galactitol_ug	2.59344006489741
LB144	LM-S	1	Baseline	Lactose	galactonate_ug	8.74321215358867
LB144	LM-S	1	0-3h	Lactose	galactose_ug	1.39545688312894
LB144	LM-S	1	0-3h	Lactose	lactose_ug	17.6425140706633
LB144	LM-S	1	0-3h	Lactose	galactitol_ug	9.9524013746629
LB144	LM-S	1	0-3h	Lactose	galactonate_ug	30.7028682708749
LB144	LM-S	1	3-6h	Lactose	galactose_ug	1.21066409065518
LB144	LM-S	1	3-6h	Lactose	lactose_ug	101.178874586348
LB144	LM-S	1	3-6h	Lactose	galactitol_ug	19.1801321978475
LB144	LM-S	1	3-6h	Lactose	galactonate_ug	76.5625162569203
LB168	LM-S	1	0-3h	Lactose	galactose_ug	3.6684532312185
LB168	LM-S	1	0-3h	Lactose	lactose_ug	30.5182747620885
LB168	LM-S	1	0-3h	Lactose	galactitol_ug	10.8416222072822
LB168	LM-S	1	0-3h	Lactose	galactonate_ug	34.9523007435221
LB168	LM-S	1	3-6h	Lactose	galactose_ug	18.8310213267083
LB168	LM-S	1	3-6h	Lactose	lactose_ug	7.63083955123592
LB168	LM-S	1	3-6h	Lactose	galactitol_ug	2.62915491845608
LB168	LM-S	1	3-6h	Lactose	galactonate_ug	6.01739254458053
LB168	LM-S	1	Baseline	Lactose	galactose_ug	0.140326796859627
LB168	LM-S	1	Baseline	Lactose	lactose_ug	0.18598287456608
LB168	LM-S	1	Baseline	Lactose	galactitol_ug	0.332608955111878
LB168	LM-S	1	Baseline	Lactose	galactonate_ug	0.69413526565759
LB245	LM-S	1	0-3h	Glucose	galactose_ug	0
LB245	LM-S	1	0-3h	Glucose	lactose_ug	0
LB245	LM-S	1	0-3h	Glucose	galactitol_ug	1.58688388518905
LB245	LM-S	1	0-3h	Glucose	galactonate_ug	1.91509149638441
LB245	LM-S	1	Baseline	Glucose	galactose_ug	0.180063538042294
LB245	LM-S	1	Baseline	Glucose	lactose_ug	0
LB245	LM-S	1	Baseline	Glucose	galactitol_ug	1.30986538474062
LB245	LM-S	1	Baseline	Glucose	galactonate_ug	3.90539166807985
LB245	LM-S	1	3-6h	Glucose	galactose_ug	0
LB245	LM-S	1	3-6h	Glucose	lactose_ug	0
LB245	LM-S	1	3-6h	Glucose	galactitol_ug	1.96108273279796
LB245	LM-S	1	3-6h	Glucose	galactonate_ug	2.52817645759809
LB118	Control	2	Baseline	Lactose	galactose_ug	0.289620929889331
LB118	Control	2	Baseline	Lactose	lactose_ug	0
LB118	Control	2	Baseline	Lactose	galactitol_ug	2.59656164406531
LB118	Control	2	Baseline	Lactose	galactonate_ug	3.20645777861336
LB118	Control	2	3-6h	Lactose	galactose_ug	0
LB118	Control	2	3-6h	Lactose	lactose_ug	0
LB118	Control	2	3-6h	Lactose	galactitol_ug	6.94953999010699
LB118	Control	2	3-6h	Lactose	galactonate_ug	22.4292229356335
LB118	Control	2	0-3h	Lactose	galactose_ug	65.9030363937145
LB118	Control	2	0-3h	Lactose	lactose_ug	0
LB118	Control	2	0-3h	Lactose	galactitol_ug	18.5973733567518
LB118	Control	2	0-3h	Lactose	galactonate_ug	42.7943921951161
LB202	LM-S	2	3-6h	Lactose	galactose_ug	1.82278313136694
LB202	LM-S	2	3-6h	Lactose	lactose_ug	89.520056677724
LB202	LM-S	2	3-6h	Lactose	galactitol_ug	18.4356268575374
LB202	LM-S	2	3-6h	Lactose	galactonate_ug	77.723009523058
LB202	LM-S	2	Baseline	Lactose	galactose_ug	1.15700106106391
LB202	LM-S	2	Baseline	Lactose	lactose_ug	0
LB202	LM-S	2	Baseline	Lactose	galactitol_ug	2.98137166445738
LB202	LM-S	2	Baseline	Lactose	galactonate_ug	9.72085728892667
LB202	LM-S	2	0-3h	Lactose	galactose_ug	49.1253646450846
LB202	LM-S	2	0-3h	Lactose	lactose_ug	138.32933878407
LB202	LM-S	2	0-3h	Lactose	galactitol_ug	30.6100389259091
LB202	LM-S	2	0-3h	Lactose	galactonate_ug	110.550788362554
LB009	Control	2	3-6h	Glucose	galactose_ug	0
LB009	Control	2	3-6h	Glucose	lactose_ug	0
LB009	Control	2	3-6h	Glucose	galactitol_ug	4.32949475539258
LB009	Control	2	3-6h	Glucose	galactonate_ug	2.8746043451209
LB009	Control	2	Baseline	Glucose	galactose_ug	1.84117447010288
LB009	Control	2	Baseline	Glucose	lactose_ug	0.951260333134141
LB009	Control	2	Baseline	Glucose	galactitol_ug	4.42954080197782
LB009	Control	2	Baseline	Glucose	galactonate_ug	7.81715276945411
LB009	Control	2	0-3h	Glucose	galactose_ug	0
LB009	Control	2	0-3h	Glucose	lactose_ug	0
LB009	Control	2	0-3h	Glucose	galactitol_ug	3.34614591853239
LB009	Control	2	0-3h	Glucose	galactonate_ug	2.63138530108742
LB094	LM-A	2	Baseline	Lactose	galactose_ug	0
LB094	LM-A	2	Baseline	Lactose	lactose_ug	0
LB094	LM-A	2	Baseline	Lactose	galactitol_ug	1.34426433405421
LB094	LM-A	2	Baseline	Lactose	galactonate_ug	2.71026010422023
LB094	LM-A	2	0-3h	Lactose	galactose_ug	34.6585055383283
LB094	LM-A	2	0-3h	Lactose	lactose_ug	22.0792736072131
LB094	LM-A	2	0-3h	Lactose	galactitol_ug	9.6346423515676
LB094	LM-A	2	0-3h	Lactose	galactonate_ug	22.2619305797485
LB094	LM-A	2	3-6h	Lactose	galactose_ug	0
LB094	LM-A	2	3-6h	Lactose	lactose_ug	57.6360831430221
LB094	LM-A	2	3-6h	Lactose	galactitol_ug	12.0788028746219
LB094	LM-A	2	3-6h	Lactose	galactonate_ug	38.6722282720675
LB170	LM-S	2	3-6h	Lactose	galactose_ug	7.89338826558503
LB170	LM-S	2	3-6h	Lactose	lactose_ug	60.5755241633394
LB170	LM-S	2	3-6h	Lactose	galactitol_ug	16.2971958156803
LB170	LM-S	2	3-6h	Lactose	galactonate_ug	62.6767030347002
LB170	LM-S	2	0-3h	Lactose	galactose_ug	39.4283083787301
LB170	LM-S	2	0-3h	Lactose	lactose_ug	45.0247406047286
LB170	LM-S	2	0-3h	Lactose	galactitol_ug	7.44675035114048
LB170	LM-S	2	0-3h	Lactose	galactonate_ug	26.826968409618
LB170	LM-S	2	Baseline	Lactose	galactose_ug	0.853298121970155
LB170	LM-S	2	Baseline	Lactose	lactose_ug	0.685179799917015
LB170	LM-S	2	Baseline	Lactose	galactitol_ug	2.47392268567382
LB170	LM-S	2	Baseline	Lactose	galactonate_ug	12.5152068182768
LB062	LM-S	2	3-6h	Lactose	galactose_ug	10.6827237218179
LB062	LM-S	2	3-6h	Lactose	lactose_ug	159.320983019052
LB062	LM-S	2	3-6h	Lactose	galactitol_ug	19.6140495244207
LB062	LM-S	2	3-6h	Lactose	galactonate_ug	71.5928595051669
LB062	LM-S	2	0-3h	Lactose	galactose_ug	25.7690988399333
LB062	LM-S	2	0-3h	Lactose	lactose_ug	16.9863184683644
LB062	LM-S	2	0-3h	Lactose	galactitol_ug	5.21012025635165
LB062	LM-S	2	0-3h	Lactose	galactonate_ug	8.3551956543837
LB062	LM-S	2	Baseline	Lactose	galactose_ug	1.25168596943375
LB062	LM-S	2	Baseline	Lactose	lactose_ug	2.72999630979397
LB062	LM-S	2	Baseline	Lactose	galactitol_ug	3.64238914230634
LB062	LM-S	2	Baseline	Lactose	galactonate_ug	4.18123727037026
LB117	LM-A	1	Baseline	Lactose	galactose_ug	0
LB117	LM-A	1	Baseline	Lactose	lactose_ug	0
LB117	LM-A	1	Baseline	Lactose	galactitol_ug	0.992586382600783
LB117	LM-A	1	Baseline	Lactose	galactonate_ug	1.80735662000804
LB117	LM-A	1	0-3h	Lactose	galactose_ug	4.61734394246892
LB117	LM-A	1	0-3h	Lactose	lactose_ug	13.9768313151715
LB117	LM-A	1	0-3h	Lactose	galactitol_ug	1.39699916897167
LB117	LM-A	1	0-3h	Lactose	galactonate_ug	2.84555717412436
LB117	LM-A	1	3-6h	Lactose	galactose_ug	1.14974997209404
LB117	LM-A	1	3-6h	Lactose	lactose_ug	32.3731667159045
LB117	LM-A	1	3-6h	Lactose	galactitol_ug	5.01256578372162
LB117	LM-A	1	3-6h	Lactose	galactonate_ug	18.3278053267788
LB024	Control	2	0-3h	Lactose	galactose_ug	142.250555942295
LB024	Control	2	0-3h	Lactose	lactose_ug	29.3276847791764
LB024	Control	2	0-3h	Lactose	galactitol_ug	12.0058164647021
LB024	Control	2	0-3h	Lactose	galactonate_ug	76.0177771048648
LB024	Control	2	Baseline	Lactose	galactose_ug	0.636329673726532
LB024	Control	2	Baseline	Lactose	lactose_ug	0
LB024	Control	2	Baseline	Lactose	galactitol_ug	2.28063771497986
LB024	Control	2	Baseline	Lactose	galactonate_ug	33.6650963935062
LB024	Control	2	3-6h	Lactose	galactose_ug	0.917400255822754
LB024	Control	2	3-6h	Lactose	lactose_ug	8.26048818836749
LB024	Control	2	3-6h	Lactose	galactitol_ug	25.3305088096882
LB024	Control	2	3-6h	Lactose	galactonate_ug	146.913199210795
LB240	LM-S	2	3-6h	Glucose	galactose_ug	0.327445825894846
LB240	LM-S	2	3-6h	Glucose	lactose_ug	0
LB240	LM-S	2	3-6h	Glucose	galactitol_ug	3.33913197106346
LB240	LM-S	2	3-6h	Glucose	galactonate_ug	7.17111525923898
LB240	LM-S	2	0-3h	Glucose	galactose_ug	0
LB240	LM-S	2	0-3h	Glucose	lactose_ug	0
LB240	LM-S	2	0-3h	Glucose	galactitol_ug	3.8628517088521
LB240	LM-S	2	0-3h	Glucose	galactonate_ug	10.5430884887275
LB240	LM-S	2	Baseline	Glucose	galactose_ug	0.479870387031671
LB240	LM-S	2	Baseline	Glucose	lactose_ug	0.0623676008952822
LB240	LM-S	2	Baseline	Glucose	galactitol_ug	1.76458846883357
LB240	LM-S	2	Baseline	Glucose	galactonate_ug	7.60711473280946
LB212	LM-S	2	3-6h	Glucose	galactose_ug	0
LB212	LM-S	2	3-6h	Glucose	lactose_ug	0
LB212	LM-S	2	3-6h	Glucose	galactitol_ug	4.00319932255175
LB212	LM-S	2	3-6h	Glucose	galactonate_ug	24.0235641437931
LB212	LM-S	2	Baseline	Glucose	galactose_ug	0.438679857339149
LB212	LM-S	2	Baseline	Glucose	lactose_ug	0.359878609020774
LB212	LM-S	2	Baseline	Glucose	galactitol_ug	1.21012885320116
LB212	LM-S	2	Baseline	Glucose	galactonate_ug	19.4468161462981
LB212	LM-S	2	0-3h	Glucose	galactose_ug	0
LB212	LM-S	2	0-3h	Glucose	lactose_ug	0
LB212	LM-S	2	0-3h	Glucose	galactitol_ug	2.60954019356284
LB212	LM-S	2	0-3h	Glucose	galactonate_ug	24.0068723859358
LB149	LM-A	1	Baseline	Lactose	galactose_ug	0.463956348685939
LB149	LM-A	1	Baseline	Lactose	lactose_ug	3.98715720883551
LB149	LM-A	1	Baseline	Lactose	galactitol_ug	1.30827344679649
LB149	LM-A	1	Baseline	Lactose	galactonate_ug	2.59250581320396
LB149	LM-A	1	3-6h	Lactose	galactose_ug	0
LB149	LM-A	1	3-6h	Lactose	lactose_ug	33.0288617295578
LB149	LM-A	1	3-6h	Lactose	galactitol_ug	7.52165481219483
LB149	LM-A	1	3-6h	Lactose	galactonate_ug	24.5140611885845
LB149	LM-A	1	0-3h	Lactose	galactose_ug	5.10305494264004
LB149	LM-A	1	0-3h	Lactose	lactose_ug	14.7576338610643
LB149	LM-A	1	0-3h	Lactose	galactitol_ug	6.16463359885021
LB149	LM-A	1	0-3h	Lactose	galactonate_ug	15.4158663395084
LB230	LM-S	1	0-3h	Glucose	galactose_ug	0
LB230	LM-S	1	0-3h	Glucose	lactose_ug	0
LB230	LM-S	1	0-3h	Glucose	galactitol_ug	0.356627997409827
LB230	LM-S	1	0-3h	Glucose	galactonate_ug	1.9168863226176
LB230	LM-S	1	3-6h	Glucose	galactose_ug	0
LB230	LM-S	1	3-6h	Glucose	lactose_ug	0
LB230	LM-S	1	3-6h	Glucose	galactitol_ug	0.746372034154301
LB230	LM-S	1	3-6h	Glucose	galactonate_ug	2.01928198969138
LB230	LM-S	1	Baseline	Glucose	galactose_ug	0.125476816189329
LB230	LM-S	1	Baseline	Glucose	lactose_ug	0.140007959608378
LB230	LM-S	1	Baseline	Glucose	galactitol_ug	0.365249364509089
LB230	LM-S	1	Baseline	Glucose	galactonate_ug	0.87902696748983
LB211	LM-S	2	3-6h	Lactose	galactose_ug	0
LB211	LM-S	2	3-6h	Lactose	lactose_ug	4.48354556106734
LB211	LM-S	2	3-6h	Lactose	galactitol_ug	5.54533756335286
LB211	LM-S	2	3-6h	Lactose	galactonate_ug	23.2586491458896
LB211	LM-S	2	Baseline	Lactose	galactose_ug	0.990399777896713
LB211	LM-S	2	Baseline	Lactose	lactose_ug	0.734508625534231
LB211	LM-S	2	Baseline	Lactose	galactitol_ug	4.43163192048417
LB211	LM-S	2	Baseline	Lactose	galactonate_ug	13.0632666592112
LB211	LM-S	2	0-3h	Lactose	galactose_ug	92.2744704756608
LB211	LM-S	2	0-3h	Lactose	lactose_ug	116.687715278248
LB211	LM-S	2	0-3h	Lactose	galactitol_ug	22.1348210801486
LB211	LM-S	2	0-3h	Lactose	galactonate_ug	69.2148488224274
LB124	LM-A	1	0-3h	Lactose	galactose_ug	12.6829388171368
LB124	LM-A	1	0-3h	Lactose	lactose_ug	29.0096690529795
LB124	LM-A	1	0-3h	Lactose	galactitol_ug	4.03732384594784
LB124	LM-A	1	0-3h	Lactose	galactonate_ug	9.81054019484146
LB124	LM-A	1	3-6h	Lactose	galactose_ug	0
LB124	LM-A	1	3-6h	Lactose	lactose_ug	23.4530225592608
LB124	LM-A	1	3-6h	Lactose	galactitol_ug	3.81112008135304
LB124	LM-A	1	3-6h	Lactose	galactonate_ug	13.9015938317563
LB231	LM-S	1	Baseline	Lactose	galactose_ug	0
LB231	LM-S	1	Baseline	Lactose	lactose_ug	0
LB231	LM-S	1	Baseline	Lactose	galactitol_ug	0.0962402362812063
LB231	LM-S	1	Baseline	Lactose	galactonate_ug	1.16639155729116
LB231	LM-S	1	3-6h	Lactose	galactose_ug	0.396928179484912
LB231	LM-S	1	3-6h	Lactose	lactose_ug	7.92747831811541
LB231	LM-S	1	3-6h	Lactose	galactitol_ug	1.02213818287636
LB231	LM-S	1	3-6h	Lactose	galactonate_ug	3.96475640004762
LB231	LM-S	1	0-3h	Lactose	galactose_ug	1.00085886912553
LB231	LM-S	1	0-3h	Lactose	lactose_ug	0.600573260587755
LB231	LM-S	1	0-3h	Lactose	galactitol_ug	0.0729353068594358
LB231	LM-S	1	0-3h	Lactose	galactonate_ug	0.743256896693778
LB223	Control	2	0-3h	Lactose	galactose_ug	207.080684512756
LB223	Control	2	0-3h	Lactose	lactose_ug	0
LB223	Control	2	0-3h	Lactose	galactitol_ug	21.5584324181922
LB223	Control	2	0-3h	Lactose	galactonate_ug	47.9883757640802
LB223	Control	2	3-6h	Lactose	galactose_ug	0.0355037075927812
LB223	Control	2	3-6h	Lactose	lactose_ug	0
LB223	Control	2	3-6h	Lactose	galactitol_ug	21.0120574371205
LB223	Control	2	3-6h	Lactose	galactonate_ug	78.5558288427298
LB223	Control	2	Baseline	Lactose	galactose_ug	1.69288351798741
LB223	Control	2	Baseline	Lactose	lactose_ug	0
LB223	Control	2	Baseline	Lactose	galactitol_ug	6.15451282194535
LB223	Control	2	Baseline	Lactose	galactonate_ug	16.9234661433398
LB238	LM-S	1	3-6h	Lactose	galactose_ug	2.38567604822962
LB238	LM-S	1	3-6h	Lactose	lactose_ug	171.305853352909
LB238	LM-S	1	3-6h	Lactose	galactitol_ug	15.6866725304223
LB238	LM-S	1	3-6h	Lactose	galactonate_ug	55.1212640479452
LB238	LM-S	1	Baseline	Lactose	galactose_ug	0
LB238	LM-S	1	Baseline	Lactose	lactose_ug	0
LB238	LM-S	1	Baseline	Lactose	galactitol_ug	0.213186774788207
LB238	LM-S	1	Baseline	Lactose	galactonate_ug	0.188262591522654
LB238	LM-S	1	0-3h	Lactose	galactose_ug	12.4107691549877
LB238	LM-S	1	0-3h	Lactose	lactose_ug	0
LB238	LM-S	1	0-3h	Lactose	galactitol_ug	2.82619868930097
LB238	LM-S	1	0-3h	Lactose	galactonate_ug	4.92860218082267
LB242	LM-S	2	3-6h	Lactose	galactose_ug	8.64214383208107
LB242	LM-S	2	3-6h	Lactose	lactose_ug	41.9839700816423
LB242	LM-S	2	3-6h	Lactose	galactitol_ug	24.0402593487382
LB242	LM-S	2	3-6h	Lactose	galactonate_ug	71.954244302441
LB242	LM-S	2	Baseline	Lactose	galactose_ug	0
LB242	LM-S	2	Baseline	Lactose	lactose_ug	0
LB242	LM-S	2	Baseline	Lactose	galactitol_ug	0.400078894056126
LB242	LM-S	2	Baseline	Lactose	galactonate_ug	0.946176867275493
LB242	LM-S	2	0-3h	Lactose	galactose_ug	70.0638406799204
LB242	LM-S	2	0-3h	Lactose	lactose_ug	0
LB242	LM-S	2	0-3h	Lactose	galactitol_ug	16.6699362769694
LB242	LM-S	2	0-3h	Lactose	galactonate_ug	38.1082999176553
LB164	LM-A	2	0-3h	Lactose	galactose_ug	85.2565100980684
LB164	LM-A	2	0-3h	Lactose	lactose_ug	111.934194253001
LB164	LM-A	2	0-3h	Lactose	galactitol_ug	6.90874349771104
LB164	LM-A	2	0-3h	Lactose	galactonate_ug	21.0238915685163
LB164	LM-A	2	Baseline	Lactose	galactose_ug	0.632607843529621
LB164	LM-A	2	Baseline	Lactose	lactose_ug	0
LB164	LM-A	2	Baseline	Lactose	galactitol_ug	1.89271444396259
LB164	LM-A	2	Baseline	Lactose	galactonate_ug	7.84743190107118
LB164	LM-A	2	3-6h	Lactose	galactose_ug	34.1742725350855
LB164	LM-A	2	3-6h	Lactose	lactose_ug	127.508861191171
LB164	LM-A	2	3-6h	Lactose	galactitol_ug	24.0173863687768
LB164	LM-A	2	3-6h	Lactose	galactonate_ug	87.9126191094392
LB235	LM-S	2	0-3h	Lactose	galactose_ug	30.722923197096
LB235	LM-S	2	0-3h	Lactose	lactose_ug	15.5626934676794
LB235	LM-S	2	0-3h	Lactose	galactitol_ug	6.73110921934064
LB235	LM-S	2	0-3h	Lactose	galactonate_ug	23.6328833368849
LB235	LM-S	2	Baseline	Lactose	galactose_ug	0.782242970820638
LB235	LM-S	2	Baseline	Lactose	lactose_ug	0.571739213536197
LB235	LM-S	2	Baseline	Lactose	galactitol_ug	2.03380995403554
LB235	LM-S	2	Baseline	Lactose	galactonate_ug	10.2567526412783
LB235	LM-S	2	3-6h	Lactose	galactose_ug	9.46397045941534
LB235	LM-S	2	3-6h	Lactose	lactose_ug	19.6056209766606
LB235	LM-S	2	3-6h	Lactose	galactitol_ug	12.4237801156028
LB235	LM-S	2	3-6h	Lactose	galactonate_ug	53.0875579539508
LB095	Control	2	0-3h	Lactose	galactose_ug	104.054348857114
LB095	Control	2	0-3h	Lactose	lactose_ug	9.19883537141508
LB095	Control	2	0-3h	Lactose	galactitol_ug	15.6025126678885
LB095	Control	2	0-3h	Lactose	galactonate_ug	37.9700089161662
LB095	Control	2	Baseline	Lactose	galactose_ug	0.502219518989955
LB095	Control	2	Baseline	Lactose	lactose_ug	0.412312250772803
LB095	Control	2	Baseline	Lactose	galactitol_ug	1.78924788272515
LB095	Control	2	Baseline	Lactose	galactonate_ug	1.78255559028123
LB095	Control	2	3-6h	Lactose	galactose_ug	3.1730187918505
LB095	Control	2	3-6h	Lactose	lactose_ug	13.8338951967706
LB095	Control	2	3-6h	Lactose	galactitol_ug	37.2792326839542
LB095	Control	2	3-6h	Lactose	galactonate_ug	164.27930518369
LB244	LM-S	1	Baseline	Lactose	galactose_ug	0.67883027842948
LB244	LM-S	1	Baseline	Lactose	lactose_ug	0.262195937285689
LB244	LM-S	1	Baseline	Lactose	galactitol_ug	1.66343172250291
LB244	LM-S	1	Baseline	Lactose	galactonate_ug	14.442615372392
LB244	LM-S	1	0-3h	Lactose	galactose_ug	13.0408122696258
LB244	LM-S	1	0-3h	Lactose	lactose_ug	82.3795878160466
LB244	LM-S	1	0-3h	Lactose	galactitol_ug	5.95083781971996
LB244	LM-S	1	0-3h	Lactose	galactonate_ug	32.9955492002446
LB244	LM-S	1	3-6h	Lactose	galactose_ug	3.78560574541902
LB244	LM-S	1	3-6h	Lactose	lactose_ug	55.3529783682155
LB244	LM-S	1	3-6h	Lactose	galactitol_ug	9.71770879521419
LB244	LM-S	1	3-6h	Lactose	galactonate_ug	52.5497312166222
LB229	LM-S	1	0-3h	Glucose	galactose_ug	2.91326493226168
LB229	LM-S	1	0-3h	Glucose	lactose_ug	0
LB229	LM-S	1	0-3h	Glucose	galactitol_ug	3.47064242651937
LB229	LM-S	1	0-3h	Glucose	galactonate_ug	6.06406633139625
LB229	LM-S	1	Baseline	Glucose	galactose_ug	0.343426928182706
LB229	LM-S	1	Baseline	Glucose	lactose_ug	0
LB229	LM-S	1	Baseline	Glucose	galactitol_ug	0.766762416665458
LB229	LM-S	1	Baseline	Glucose	galactonate_ug	1.52835240172358
LB229	LM-S	1	3-6h	Glucose	galactose_ug	2.21404521995795
LB229	LM-S	1	3-6h	Glucose	lactose_ug	0
LB229	LM-S	1	3-6h	Glucose	galactitol_ug	2.61104692443622
LB229	LM-S	1	3-6h	Glucose	galactonate_ug	4.24041917126522
LB150	LM-S	1	Baseline	Lactose	galactose_ug	0.927863332924305
LB150	LM-S	1	Baseline	Lactose	lactose_ug	1.27299723662051
LB150	LM-S	1	Baseline	Lactose	galactitol_ug	1.42487942891192
LB150	LM-S	1	Baseline	Lactose	galactonate_ug	4.60623767718433
LB077	LM-A	1	Baseline	Lactose	galactose_ug	1.20796379128458
LB077	LM-A	1	Baseline	Lactose	lactose_ug	2.14368662504619
LB077	LM-A	1	Baseline	Lactose	galactitol_ug	3.29629940150907
LB077	LM-A	1	Baseline	Lactose	galactonate_ug	7.0854182017246
LB124	LM-A	1	Baseline	Lactose	galactose_ug	0.762799473457884
LB124	LM-A	1	Baseline	Lactose	lactose_ug	0.903021221211729
LB124	LM-A	1	Baseline	Lactose	galactitol_ug	1.35260297670425
LB124	LM-A	1	Baseline	Lactose	galactonate_ug	2.93579066623782
LB007	Control	1	0-3h	Lactose	galactose_ug	142.72434976458
LB007	Control	1	0-3h	Lactose	lactose_ug	41.3177898640448
LB007	Control	1	0-3h	Lactose	galactitol_ug	11.06293668158
LB007	Control	1	0-3h	Lactose	galactonate_ug	31.7468970473587
LB007	Control	1	Baseline	Lactose	galactose_ug	0
LB007	Control	1	Baseline	Lactose	lactose_ug	0
LB007	Control	1	Baseline	Lactose	galactitol_ug	0.623597310166831
LB007	Control	1	Baseline	Lactose	galactonate_ug	2.69294030555447
LB007	Control	1	3-6h	Lactose	galactose_ug	3.92322609324332
LB007	Control	1	3-6h	Lactose	lactose_ug	27.8698670835631
LB007	Control	1	3-6h	Lactose	galactitol_ug	20.6573654886476
LB007	Control	1	3-6h	Lactose	galactonate_ug	79.2610580014617
LB209	LM-S	1	0-3h	Lactose	galactose_ug	11.4969413880325
LB209	LM-S	1	0-3h	Lactose	lactose_ug	6.03528438633558
LB209	LM-S	1	0-3h	Lactose	galactitol_ug	3.11804666076074
LB209	LM-S	1	0-3h	Lactose	galactonate_ug	7.7673869811299
LB209	LM-S	1	Baseline	Lactose	galactose_ug	0.838107190848847
LB209	LM-S	1	Baseline	Lactose	lactose_ug	1.18725710219234
LB209	LM-S	1	Baseline	Lactose	galactitol_ug	1.92208311398147
LB209	LM-S	1	Baseline	Lactose	galactonate_ug	3.91352536560777
LB209	LM-S	1	3-6h	Lactose	galactose_ug	3.28690750119758
LB209	LM-S	1	3-6h	Lactose	lactose_ug	38.6492621380241
LB209	LM-S	1	3-6h	Lactose	galactitol_ug	9.63268682217175
LB209	LM-S	1	3-6h	Lactose	galactonate_ug	33.0016928519014
LB027	Control	1	0-3h	Lactose	galactose_ug	17.9899963188825
LB027	Control	1	0-3h	Lactose	lactose_ug	8.16203993424111
LB027	Control	1	0-3h	Lactose	galactitol_ug	0.714097001914583
LB027	Control	1	0-3h	Lactose	galactonate_ug	1.45635519949045
LB027	Control	1	3-6h	Lactose	galactose_ug	3.35178462280217
LB027	Control	1	3-6h	Lactose	lactose_ug	8.08157088240352
LB027	Control	1	3-6h	Lactose	galactitol_ug	4.71178322053039
LB027	Control	1	3-6h	Lactose	galactonate_ug	15.3640608693487
LB027	Control	1	Baseline	Lactose	galactose_ug	0.397670760939398
LB027	Control	1	Baseline	Lactose	lactose_ug	0.857640482255777
LB027	Control	1	Baseline	Lactose	galactitol_ug	0.745959391443739
LB027	Control	1	Baseline	Lactose	galactonate_ug	1.89185551817685
LB116	LM-S	1	Baseline	Glucose	galactose_ug	0.105401441190925
LB116	LM-S	1	Baseline	Glucose	lactose_ug	0.519649862760219
LB116	LM-S	1	Baseline	Glucose	galactitol_ug	0.954716905809115
LB116	LM-S	1	Baseline	Glucose	galactonate_ug	3.19544521837689
LB116	LM-S	1	3-6h	Glucose	galactose_ug	0
LB116	LM-S	1	3-6h	Glucose	lactose_ug	6.37900708267395
LB116	LM-S	1	3-6h	Glucose	galactitol_ug	1.85086507520588
LB116	LM-S	1	3-6h	Glucose	galactonate_ug	0
LB116	LM-S	1	0-3h	Glucose	galactose_ug	0
LB116	LM-S	1	0-3h	Glucose	lactose_ug	6.17596387730402
LB116	LM-S	1	0-3h	Glucose	galactitol_ug	1.31099225044077
LB116	LM-S	1	0-3h	Glucose	galactonate_ug	0
LB154	LM-S	2	3-6h	Glucose	galactose_ug	4.40593560182885
LB154	LM-S	2	3-6h	Glucose	lactose_ug	0
LB154	LM-S	2	3-6h	Glucose	galactitol_ug	5.89771087146196
LB154	LM-S	2	3-6h	Glucose	galactonate_ug	11.6697694533696
LB154	LM-S	2	Baseline	Glucose	galactose_ug	1.30739240952033
LB154	LM-S	2	Baseline	Glucose	lactose_ug	0
LB154	LM-S	2	Baseline	Glucose	galactitol_ug	2.09323371918121
LB154	LM-S	2	Baseline	Glucose	galactonate_ug	4.89032056968721
LB154	LM-S	2	0-3h	Glucose	galactose_ug	4.77151876237565
LB154	LM-S	2	0-3h	Glucose	lactose_ug	0
LB154	LM-S	2	0-3h	Glucose	galactitol_ug	6.03772155252353
LB154	LM-S	2	0-3h	Glucose	galactonate_ug	13.6390040697902
LB102	LM-A	2	Baseline	Glucose	galactose_ug	2.78787904765984
LB102	LM-A	2	Baseline	Glucose	lactose_ug	0.401001638519797
LB102	LM-A	2	Baseline	Glucose	galactitol_ug	4.68641646624431
LB102	LM-A	2	Baseline	Glucose	galactonate_ug	16.7412326148389
LB102	LM-A	2	0-3h	Glucose	galactose_ug	3.29321946112419
LB102	LM-A	2	0-3h	Glucose	lactose_ug	0
LB102	LM-A	2	0-3h	Glucose	galactitol_ug	4.58840621538709
LB102	LM-A	2	0-3h	Glucose	galactonate_ug	12.531143105007
LB102	LM-A	2	3-6h	Glucose	galactose_ug	3.22391944208636
LB102	LM-A	2	3-6h	Glucose	lactose_ug	0
LB102	LM-A	2	3-6h	Glucose	galactitol_ug	4.91371852471262
LB102	LM-A	2	3-6h	Glucose	galactonate_ug	12.9134189279918
LB145	LM-S	1	0-3h	Glucose	galactose_ug	2.12988954781198
LB145	LM-S	1	0-3h	Glucose	lactose_ug	0
LB145	LM-S	1	0-3h	Glucose	galactitol_ug	2.77513160729902
LB145	LM-S	1	0-3h	Glucose	galactonate_ug	6.65168409495443
LB145	LM-S	1	3-6h	Glucose	galactose_ug	2.46850931614573
LB145	LM-S	1	3-6h	Glucose	lactose_ug	0
LB145	LM-S	1	3-6h	Glucose	galactitol_ug	3.69086762095347
LB145	LM-S	1	3-6h	Glucose	galactonate_ug	8.34334191274983
LB145	LM-S	1	Baseline	Glucose	galactose_ug	1.00868202489431
LB145	LM-S	1	Baseline	Glucose	lactose_ug	0
LB145	LM-S	1	Baseline	Glucose	galactitol_ug	1.70831747581187
LB145	LM-S	1	Baseline	Glucose	galactonate_ug	4.25153815892917
LB035	LM-A	2	0-3h	Glucose	galactose_ug	6.6540864307463
LB035	LM-A	2	0-3h	Glucose	lactose_ug	0
LB035	LM-A	2	0-3h	Glucose	galactitol_ug	8.09041185075338
LB035	LM-A	2	0-3h	Glucose	galactonate_ug	20.8115531999134
LB035	LM-A	2	3-6h	Glucose	galactose_ug	3.29717360502865
LB035	LM-A	2	3-6h	Glucose	lactose_ug	0
LB035	LM-A	2	3-6h	Glucose	galactitol_ug	4.89294688224653
LB035	LM-A	2	3-6h	Glucose	galactonate_ug	11.4781299448863
LB035	LM-A	2	Baseline	Glucose	galactose_ug	0.995769609683361
LB035	LM-A	2	Baseline	Glucose	lactose_ug	0.860952844485433
LB035	LM-A	2	Baseline	Glucose	galactitol_ug	1.69691020136088
LB035	LM-A	2	Baseline	Glucose	galactonate_ug	5.52027492046653
